Row Labels,activeLearning,activeListening,complexProblemSolving,coordination,criticalThinking,equipmentMaintenance,equipmentSelection,installation,intructing,judgmentAndDecisionMaking,learningStrategies,managementOfFinancialResources,managementOfMaterialResources,managementOfPersonnelResources,mathematics,monitoring,negotiation,operationAndControl,operationAnalysis,operationMonitoring,persuasion,programming,qualityControlAnalysis,readingComprehension,repairing,science,serviceOrientation,socialPerceptiveness,speaking,systemAnalysis,systemEvaluation,technologyDesign,timeManagement,troubleshooting,writing
11,53,75,56,68,68,0,3,0,50,56,50,47,47,59,31,59,65,15,43,31,50,9,31,75,0,0,56,56,72,53,43,12,75,22,68
11,56,78,62,62,75,0,3,0,47,68,50,43,40,53,50,56,53,0,43,15,59,18,15,68,0,15,53,75,75,53,53,18,62,0,68
11,72,75,75,68,72,3,0,0,56,72,56,47,47,56,72,68,53,12,34,37,53,22,50,78,0,40,56,62,75,53,50,22,72,25,75
11,56,68,59,65,72,12,6,0,56,62,59,50,43,72,50,68,50,53,28,50,53,28,40,72,3,50,56,59,65,56,50,22,62,31,62
11,56,62,65,56,65,18,31,3,50,65,47,25,25,53,53,56,47,31,34,50,50,25,53,65,18,53,47,47,65,65,62,28,56,25,65
11,53,72,68,68,75,34,28,0,56,68,50,53,53,68,50,72,47,50,28,59,50,15,53,72,31,37,43,56,75,53,53,15,65,50,53
11,56,72,78,75,75,0,6,0,50,75,50,53,47,47,65,75,62,25,50,40,53,15,43,75,0,50,47,56,75,59,65,18,59,12,72
11,75,78,84,81,84,0,3,0,53,87,53,78,72,81,56,78,78,18,53,22,78,15,18,78,0,22,53,81,84,78,78,18,75,0,75
11,68,75,75,68,78,0,3,0,56,72,59,47,31,53,47,68,53,25,47,25,72,22,22,75,0,28,56,72,75,72,72,22,59,0,78
11,59,75,65,72,68,0,3,0,53,65,53,34,43,62,47,65,47,3,15,18,50,15,18,75,0,50,50,65,72,47,47,15,62,9,75
11,68,75,59,56,72,0,0,0,53,72,50,53,25,65,47,62,53,0,50,22,56,12,15,75,0,3,56,62,75,56,56,15,65,0,68
11,68,72,56,68,75,0,3,0,59,62,56,22,22,40,28,68,53,12,18,25,65,18,28,75,0,9,50,62,72,56,53,18,53,6,72
11,59,75,68,68,78,9,22,0,53,72,56,50,43,65,53,72,50,25,53,47,53,43,43,75,12,18,47,65,72,65,65,37,59,37,68
11,65,72,68,75,68,0,0,0,50,68,50,56,53,75,56,72,65,22,50,47,50,12,53,68,0,22,50,59,72,53,53,15,72,25,56
11,72,84,75,75,81,0,3,0,72,78,81,59,53,75,53,75,65,3,31,18,59,18,47,81,0,18,72,81,84,59,72,18,72,15,78
11,72,75,72,65,78,0,0,0,75,72,68,53,47,68,47,75,65,0,15,25,65,9,9,78,0,12,62,68,75,56,56,15,75,0,75
11,62,75,72,75,75,0,0,0,72,72,65,53,53,68,47,75,65,12,22,18,59,12,25,75,0,12,72,72,75,53,53,15,68,22,68
11,68,75,81,75,75,0,0,0,68,78,65,40,43,62,50,75,65,22,43,31,68,15,28,75,0,28,78,68,78,68,59,15,68,22,75
11,57,64,60,62,72,28,30,2,55,68,51,47,45,62,42,69,56,46,34,53,56,15,49,61,27,47,46,58,71,52,54,18,65,34,54
11,62,75,65,65,75,0,6,0,47,65,50,53,34,65,62,68,53,3,18,22,59,22,22,75,0,6,65,65,75,50,50,15,65,6,68
11,59,68,53,68,65,12,22,0,59,56,59,43,47,62,28,59,50,15,25,18,50,9,31,65,3,18,68,68,72,53,53,25,53,18,62
11,59,68,56,65,65,18,18,0,56,53,50,50,50,68,47,68,53,28,37,37,53,12,40,65,15,15,72,65,68,43,43,9,62,22,50
11,43,68,50,62,53,0,0,0,50,53,47,37,34,59,34,65,59,22,9,28,59,12,25,65,0,6,75,68,68,37,37,15,65,18,59
11,65,68,62,75,75,0,0,0,65,68,56,47,40,75,50,72,59,3,28,22,65,15,43,62,0,15,68,72,75,53,50,9,68,15,65
11,62,75,62,75,72,0,0,0,53,62,50,53,56,62,34,75,65,25,43,43,59,12,34,72,0,22,56,75,75,50,50,22,68,25,56
11,62,65,65,68,75,37,31,0,56,68,56,56,53,65,56,72,50,47,25,56,50,22,53,72,43,34,47,62,72,56,56,25,65,47,65
11,68,78,72,72,68,0,0,0,59,75,56,47,34,78,40,65,72,6,31,18,65,18,15,75,0,15,59,72,78,65,68,18,65,0,72
11,65,78,65,62,68,43,28,6,59,72,65,50,50,68,56,72,56,56,28,59,59,28,56,72,34,56,59,56,78,59,59,22,68,43,62
11,65,72,65,75,75,25,28,0,53,75,68,59,56,72,59,75,56,43,47,53,53,15,53,72,28,15,50,62,75,68,59,15,72,31,59
11,68,75,68,53,75,0,0,0,50,72,47,43,31,47,59,62,50,0,25,22,53,18,12,75,0,0,47,50,72,59,56,22,56,0,65
11,68,78,68,72,68,9,9,0,68,68,59,47,50,75,40,68,72,28,18,34,68,15,40,72,9,0,78,75,75,53,59,22,68,22,72
11,68,75,72,65,72,0,0,0,72,72,56,31,31,65,43,72,62,25,31,40,68,15,37,75,0,0,65,65,75,68,68,18,72,25,68
11,72,72,65,62,72,0,0,0,50,68,53,47,40,59,43,68,65,0,59,18,68,22,22,72,0,18,53,72,72,56,62,18,62,0,56
11,72,75,75,72,78,0,0,0,72,75,56,56,56,75,43,75,72,0,65,25,72,25,28,75,0,37,68,75,78,65,68,25,75,15,75
11,62,75,72,59,75,0,3,0,56,68,62,40,43,65,53,75,53,25,56,28,56,22,28,75,0,78,50,59,72,56,53,40,53,22,72
11,56,75,53,75,68,0,0,0,56,56,59,43,43,72,43,68,65,15,37,37,56,18,31,75,0,12,59,75,75,50,47,22,75,25,56
11,50,68,53,65,62,0,3,0,43,53,43,50,47,53,50,53,62,12,28,18,56,12,25,72,0,9,50,56,75,28,28,6,50,15,65
11,59,72,56,65,72,0,0,0,56,68,53,56,56,65,50,62,68,0,43,25,68,22,28,68,0,6,62,75,72,56,53,22,68,15,68
11,65,72,68,68,68,22,25,0,56,75,53,43,43,56,53,72,50,47,43,56,56,22,75,75,18,31,50,56,72,65,68,28,62,43,72
11,59,72,62,72,72,0,0,0,53,68,50,25,22,56,37,72,53,3,50,15,53,18,9,75,0,37,47,56,75,65,62,18,62,0,75
11,68,75,68,72,72,0,0,0,65,68,56,50,47,68,50,68,72,18,40,18,78,15,18,72,0,15,72,72,75,65,65,18,62,0,65
11,72,72,72,72,72,0,0,0,62,72,65,40,34,72,40,72,56,25,40,28,56,18,25,68,0,31,75,75,68,68,68,22,72,12,68
11,62,68,59,75,72,0,9,0,62,68,59,53,50,72,43,75,56,25,15,40,68,12,37,59,0,3,72,72,75,59,56,22,68,25,53
11,68,75,72,75,72,0,0,0,53,75,50,47,68,56,50,75,68,0,37,31,65,15,25,75,0,3,53,68,75,68,72,28,75,15,72
11,72,75,65,75,72,0,0,0,78,72,84,65,50,65,50,72,53,0,43,15,68,18,34,75,0,22,65,72,75,59,59,18,68,6,72
11,57,71,67,71,73,0,3,0,53,63,52,51,50,64,52,72,61,26,45,35,60,11,32,71,1,10,51,57,73,56,57,15,63,19,65
11,65,72,78,59,78,0,0,0,47,78,50,75,43,53,68,72,53,3,40,22,50,15,22,78,0,6,43,53,75,56,65,15,59,0,65
11,56,75,68,56,75,0,0,0,50,72,53,28,28,43,56,56,50,28,47,47,53,22,50,75,0,50,50,50,75,65,65,22,72,25,75
11,59,68,59,65,75,3,6,0,47,65,43,53,50,59,50,62,59,22,25,28,56,18,34,72,3,18,47,62,72,50,50,18,59,25,72
11,50,75,56,65,72,28,34,0,53,59,50,47,47,68,50,72,53,37,31,56,65,22,50,72,25,25,47,68,72,50,50,25,56,43,68
13,57,73,61,51,72,0,0,0,47,62,48,39,25,48,67,57,50,0,39,23,53,15,18,73,0,22,50,51,70,54,48,18,56,3,68
13,62,75,59,68,68,0,0,0,47,53,40,22,12,47,28,47,75,6,18,6,75,12,0,75,0,15,50,72,75,37,37,9,68,0,65
13,59,73,50,43,72,0,1,0,32,62,26,25,25,31,54,45,42,25,18,23,45,12,23,73,0,17,47,54,68,42,34,9,53,17,61
13,56,75,65,50,68,0,0,0,47,62,47,53,31,43,68,53,37,0,40,22,37,22,6,72,0,6,47,50,68,53,47,18,50,0,56
13,68,68,75,65,72,0,6,0,53,75,53,43,43,50,43,62,53,3,43,25,53,25,34,72,0,3,59,59,75,72,65,22,59,12,72
13,53,68,56,53,72,0,0,0,37,59,37,43,47,50,50,53,59,22,22,31,59,12,31,59,3,15,50,53,72,50,40,18,53,15,53
13,56,75,62,56,75,0,3,0,37,68,37,28,18,43,47,59,53,3,12,22,47,28,40,78,0,9,53,59,72,50,47,18,50,15,65
13,59,68,59,50,72,0,0,0,53,59,50,25,25,47,47,56,50,0,43,22,53,18,9,72,0,34,50,53,68,53,50,18,50,0,59
13,56,75,53,50,65,0,0,0,47,65,40,25,25,40,34,53,50,25,22,43,50,18,43,72,0,0,53,65,72,43,43,9,53,18,62
13,59,72,56,62,75,0,12,0,50,65,50,15,22,47,40,56,40,28,12,28,40,12,25,75,0,53,53,65,75,43,34,12,50,18,72
13,56,68,56,53,72,0,0,0,43,68,47,56,47,40,75,50,53,3,37,18,50,22,12,72,0,12,37,53,68,56,53,18,50,0,62
13,65,62,50,40,72,0,0,0,28,53,34,25,18,25,59,50,34,6,37,18,34,15,15,65,0,9,50,50,65,43,43,0,50,0,53
11,56,78,62,62,75,0,3,0,47,68,50,43,40,53,50,56,53,0,43,15,59,18,15,68,0,15,53,75,75,53,53,18,62,0,68
11,72,75,75,68,72,3,0,0,56,72,56,47,47,56,72,68,53,12,34,37,53,22,50,78,0,40,56,62,75,53,50,22,72,25,75
11,56,68,59,65,72,12,6,0,56,62,59,50,43,72,50,68,50,53,28,50,53,28,40,72,3,50,56,59,65,56,50,22,62,31,62
11,56,62,65,56,65,18,31,3,50,65,47,25,25,53,53,56,47,31,34,50,50,25,53,65,18,53,47,47,65,65,62,28,56,25,65
11,53,72,68,68,75,34,28,0,56,68,50,53,53,68,50,72,47,50,28,59,50,15,53,72,31,37,43,56,75,53,53,15,65,50,53
11,56,72,78,75,75,0,6,0,50,75,50,53,47,47,65,75,62,25,50,40,53,15,43,75,0,50,47,56,75,59,65,18,59,12,72
11,75,78,84,81,84,0,3,0,53,87,53,78,72,81,56,78,78,18,53,22,78,15,18,78,0,22,53,81,84,78,78,18,75,0,75
11,68,75,75,68,78,0,3,0,56,72,59,47,31,53,47,68,53,25,47,25,72,22,22,75,0,28,56,72,75,72,72,22,59,0,78
11,59,75,65,72,68,0,3,0,53,65,53,34,43,62,47,65,47,3,15,18,50,15,18,75,0,50,50,65,72,47,47,15,62,9,75
11,68,75,59,56,72,0,0,0,53,72,50,53,25,65,47,62,53,0,50,22,56,12,15,75,0,3,56,62,75,56,56,15,65,0,68
11,68,72,56,68,75,0,3,0,59,62,56,22,22,40,28,68,53,12,18,25,65,18,28,75,0,9,50,62,72,56,53,18,53,6,72
11,59,75,68,68,78,9,22,0,53,72,56,50,43,65,53,72,50,25,53,47,53,43,43,75,12,18,47,65,72,65,65,37,59,37,68
11,65,72,68,75,68,0,0,0,50,68,50,56,53,75,56,72,65,22,50,47,50,12,53,68,0,22,50,59,72,53,53,15,72,25,56
11,72,84,75,75,81,0,3,0,72,78,81,59,53,75,53,75,65,3,31,18,59,18,47,81,0,18,72,81,84,59,72,18,72,15,78
11,72,75,72,65,78,0,0,0,75,72,68,53,47,68,47,75,65,0,15,25,65,9,9,78,0,12,62,68,75,56,56,15,75,0,75
11,62,75,72,75,75,0,0,0,72,72,65,53,53,68,47,75,65,12,22,18,59,12,25,75,0,12,72,72,75,53,53,15,68,22,68
11,68,75,81,75,75,0,0,0,68,78,65,40,43,62,50,75,65,22,43,31,68,15,28,75,0,28,78,68,78,68,59,15,68,22,75
11,57,64,60,62,72,28,30,2,55,68,51,47,45,62,42,69,56,46,34,53,56,15,49,61,27,47,46,58,71,52,54,18,65,34,54
11,62,75,65,65,75,0,6,0,47,65,50,53,34,65,62,68,53,3,18,22,59,22,22,75,0,6,65,65,75,50,50,15,65,6,68
11,59,68,53,68,65,12,22,0,59,56,59,43,47,62,28,59,50,15,25,18,50,9,31,65,3,18,68,68,72,53,53,25,53,18,62
11,59,68,56,65,65,18,18,0,56,53,50,50,50,68,47,68,53,28,37,37,53,12,40,65,15,15,72,65,68,43,43,9,62,22,50
11,43,68,50,62,53,0,0,0,50,53,47,37,34,59,34,65,59,22,9,28,59,12,25,65,0,6,75,68,68,37,37,15,65,18,59
11,65,68,62,75,75,0,0,0,65,68,56,47,40,75,50,72,59,3,28,22,65,15,43,62,0,15,68,72,75,53,50,9,68,15,65
11,62,75,62,75,72,0,0,0,53,62,50,53,56,62,34,75,65,25,43,43,59,12,34,72,0,22,56,75,75,50,50,22,68,25,56
11,62,65,65,68,75,37,31,0,56,68,56,56,53,65,56,72,50,47,25,56,50,22,53,72,43,34,47,62,72,56,56,25,65,47,65
11,68,78,72,72,68,0,0,0,59,75,56,47,34,78,40,65,72,6,31,18,65,18,15,75,0,15,59,72,78,65,68,18,65,0,72
11,65,78,65,62,68,43,28,6,59,72,65,50,50,68,56,72,56,56,28,59,59,28,56,72,34,56,59,56,78,59,59,22,68,43,62
11,65,72,65,75,75,25,28,0,53,75,68,59,56,72,59,75,56,43,47,53,53,15,53,72,28,15,50,62,75,68,59,15,72,31,59
11,68,75,68,53,75,0,0,0,50,72,47,43,31,47,59,62,50,0,25,22,53,18,12,75,0,0,47,50,72,59,56,22,56,0,65
11,68,78,68,72,68,9,9,0,68,68,59,47,50,75,40,68,72,28,18,34,68,15,40,72,9,0,78,75,75,53,59,22,68,22,72
11,68,75,72,65,72,0,0,0,72,72,56,31,31,65,43,72,62,25,31,40,68,15,37,75,0,0,65,65,75,68,68,18,72,25,68
11,72,72,65,62,72,0,0,0,50,68,53,47,40,59,43,68,65,0,59,18,68,22,22,72,0,18,53,72,72,56,62,18,62,0,56
11,72,75,75,72,78,0,0,0,72,75,56,56,56,75,43,75,72,0,65,25,72,25,28,75,0,37,68,75,78,65,68,25,75,15,75
11,62,75,72,59,75,0,3,0,56,68,62,40,43,65,53,75,53,25,56,28,56,22,28,75,0,78,50,59,72,56,53,40,53,22,72
11,56,75,53,75,68,0,0,0,56,56,59,43,43,72,43,68,65,15,37,37,56,18,31,75,0,12,59,75,75,50,47,22,75,25,56
11,50,68,53,65,62,0,3,0,43,53,43,50,47,53,50,53,62,12,28,18,56,12,25,72,0,9,50,56,75,28,28,6,50,15,65
11,59,72,56,65,72,0,0,0,56,68,53,56,56,65,50,62,68,0,43,25,68,22,28,68,0,6,62,75,72,56,53,22,68,15,68
11,65,72,68,68,68,22,25,0,56,75,53,43,43,56,53,72,50,47,43,56,56,22,75,75,18,31,50,56,72,65,68,28,62,43,72
11,59,72,62,72,72,0,0,0,53,68,50,25,22,56,37,72,53,3,50,15,53,18,9,75,0,37,47,56,75,65,62,18,62,0,75
11,68,75,68,72,72,0,0,0,65,68,56,50,47,68,50,68,72,18,40,18,78,15,18,72,0,15,72,72,75,65,65,18,62,0,65
11,72,72,72,72,72,0,0,0,62,72,65,40,34,72,40,72,56,25,40,28,56,18,25,68,0,31,75,75,68,68,68,22,72,12,68
11,62,68,59,75,72,0,9,0,62,68,59,53,50,72,43,75,56,25,15,40,68,12,37,59,0,3,72,72,75,59,56,22,68,25,53
11,68,75,72,75,72,0,0,0,53,75,50,47,68,56,50,75,68,0,37,31,65,15,25,75,0,3,53,68,75,68,72,28,75,15,72
11,72,75,65,75,72,0,0,0,78,72,84,65,50,65,50,72,53,0,43,15,68,18,34,75,0,22,65,72,75,59,59,18,68,6,72
11,57,71,67,71,73,0,3,0,53,63,52,51,50,64,52,72,61,26,45,35,60,11,32,71,1,10,51,57,73,56,57,15,63,19,65
11,65,72,78,59,78,0,0,0,47,78,50,75,43,53,68,72,53,3,40,22,50,15,22,78,0,6,43,53,75,56,65,15,59,0,65
11,56,75,68,56,75,0,0,0,50,72,53,28,28,43,56,56,50,28,47,47,53,22,50,75,0,50,50,50,75,65,65,22,72,25,75
11,59,68,59,65,75,3,6,0,47,65,43,53,50,59,50,62,59,22,25,28,56,18,34,72,3,18,47,62,72,50,50,18,59,25,72
11,50,75,56,65,72,28,34,0,53,59,50,47,47,68,50,72,53,37,31,56,65,22,50,72,25,25,47,68,72,50,50,25,56,43,68
13,57,73,61,51,72,0,0,0,47,62,48,39,25,48,67,57,50,0,39,23,53,15,18,73,0,22,50,51,70,54,48,18,56,3,68
13,62,75,59,68,68,0,0,0,47,53,40,22,12,47,28,47,75,6,18,6,75,12,0,75,0,15,50,72,75,37,37,9,68,0,65
13,59,73,50,43,72,0,1,0,32,62,26,25,25,31,54,45,42,25,18,23,45,12,23,73,0,17,47,54,68,42,34,9,53,17,61
13,56,75,65,50,68,0,0,0,47,62,47,53,31,43,68,53,37,0,40,22,37,22,6,72,0,6,47,50,68,53,47,18,50,0,56
13,68,68,75,65,72,0,6,0,53,75,53,43,43,50,43,62,53,3,43,25,53,25,34,72,0,3,59,59,75,72,65,22,59,12,72
13,53,68,56,53,72,0,0,0,37,59,37,43,47,50,50,53,59,22,22,31,59,12,31,59,3,15,50,53,72,50,40,18,53,15,53
13,56,75,62,56,75,0,3,0,37,68,37,28,18,43,47,59,53,3,12,22,47,28,40,78,0,9,53,59,72,50,47,18,50,15,65
13,59,68,59,50,72,0,0,0,53,59,50,25,25,47,47,56,50,0,43,22,53,18,9,72,0,34,50,53,68,53,50,18,50,0,59
13,56,75,53,50,65,0,0,0,47,65,40,25,25,40,34,53,50,25,22,43,50,18,43,72,0,0,53,65,72,43,43,9,53,18,62
13,59,72,56,62,75,0,12,0,50,65,50,15,22,47,40,56,40,28,12,28,40,12,25,75,0,53,53,65,75,43,34,12,50,18,72
13,56,68,56,53,72,0,0,0,43,68,47,56,47,40,75,50,53,3,37,18,50,22,12,72,0,12,37,53,68,56,53,18,50,0,62
13,65,62,50,40,72,0,0,0,28,53,34,25,18,25,59,50,34,6,37,18,34,15,15,65,0,9,50,50,65,43,43,0,50,0,53
13,65,72,62,53,68,0,0,0,47,62,53,15,3,28,53,50,56,0,22,0,59,12,6,72,0,0,65,53,75,47,50,18,53,0,68
13,56,75,68,50,68,0,0,0,50,56,53,31,37,50,50,56,50,0,15,22,47,22,6,72,0,0,56,50,68,50,47,18,56,0,68
13,68,72,68,50,75,3,0,0,50,59,50,15,15,40,50,68,47,40,37,59,43,15,56,75,0,50,47,56,72,56,59,18,50,25,72
13,68,81,68,53,75,0,3,0,47,65,50,9,9,31,37,59,50,3,25,18,56,22,18,78,0,15,53,75,75,56,56,18,50,0,72
13,34,59,43,50,50,0,3,0,40,50,31,22,22,56,28,43,43,37,6,34,40,9,18,43,0,6,40,50,62,28,22,0,53,18,43
13,65,75,72,65,78,0,0,0,59,72,59,18,15,62,65,72,47,6,47,18,47,15,25,78,0,6,50,65,75,65,65,9,62,0,75
13,62,68,72,53,78,0,3,0,53,65,50,43,22,40,81,50,40,6,22,18,56,43,22,75,0,22,37,50,68,56,56,18,50,3,59
13,72,75,68,65,75,0,0,0,50,68,50,25,25,53,47,59,56,25,6,25,56,18,6,75,0,6,50,59,75,47,47,6,56,0,78
13,56,75,56,68,72,0,3,0,50,59,47,50,28,43,50,53,72,15,25,15,75,12,12,75,0,9,62,65,78,53,53,18,50,0,75
13,62,78,62,59,75,0,0,0,53,75,50,25,28,43,47,59,50,34,18,50,50,18,53,75,0,22,53,59,75,56,59,15,53,18,75
13,56,75,53,50,72,0,0,0,53,56,50,22,22,47,25,50,50,3,6,12,47,15,18,75,0,3,59,59,78,47,34,18,50,0,72
13,47,62,47,47,59,12,12,0,31,53,28,25,12,34,40,37,47,25,22,34,47,6,34,62,15,3,50,50,68,34,34,9,56,28,68
13,53,68,53,50,68,0,0,0,43,62,43,25,25,34,47,50,43,0,22,22,47,12,3,68,0,9,50,50,65,43,43,15,47,0,68
13,62,87,68,59,72,0,0,0,50,68,56,28,28,50,40,62,81,15,12,18,78,9,9,81,0,0,62,72,84,56,53,15,62,0,78
13,53,75,56,47,68,0,0,0,47,72,43,28,25,40,56,47,47,6,18,22,47,15,12,72,0,0,50,56,75,40,31,22,53,0,59
13,62,72,68,72,75,0,0,0,53,65,50,40,47,56,50,72,56,3,53,25,56,22,31,72,0,18,56,65,72,62,56,18,59,0,59
13,53,72,72,50,75,0,0,0,47,65,43,37,40,50,50,68,47,0,28,28,47,25,31,75,0,18,50,50,68,68,68,22,56,12,59
13,68,75,75,59,72,9,18,0,50,75,50,43,43,53,72,56,47,15,59,37,53,40,43,78,9,37,50,53,68,78,72,43,68,34,75
13,56,78,75,72,78,0,3,0,56,75,50,31,31,50,50,72,53,9,50,18,62,22,18,78,0,22,56,72,75,68,72,28,56,6,75
13,62,72,72,50,75,0,0,0,43,65,50,18,18,43,56,56,40,0,47,22,53,28,15,75,0,31,47,53,72,53,53,15,50,0,75
13,59,75,65,72,72,15,18,0,50,65,34,50,47,56,37,62,59,25,43,25,62,9,31,75,18,6,72,72,75,56,53,18,68,18,62
13,47,62,50,50,62,0,6,3,31,56,34,47,43,40,50,53,53,6,25,22,59,34,15,65,6,6,59,53,62,40,40,18,47,3,59
13,59,75,68,53,72,0,0,0,50,72,47,50,25,31,59,53,50,0,37,25,65,18,18,75,0,22,68,65,75,56,56,18,50,0,75
13,68,72,72,50,68,0,0,0,56,68,50,68,53,53,47,68,75,0,37,12,68,6,31,75,0,3,53,62,72,40,50,12,59,15,68
13,56,75,68,53,72,0,0,0,50,72,50,28,25,47,37,56,53,0,40,25,50,22,28,72,0,22,50,59,75,68,56,22,59,0,75
13,68,68,72,56,68,0,0,0,53,68,47,28,25,40,43,59,50,0,28,28,56,43,22,72,0,6,50,50,65,59,59,34,53,3,62
13,56,72,65,56,72,0,3,3,50,65,53,25,22,47,47,62,50,6,31,28,53,12,28,75,0,31,47,53,75,53,56,18,50,18,75
13,56,75,50,50,72,0,0,3,47,53,47,22,15,31,56,56,50,9,18,18,47,15,25,75,0,0,47,50,75,37,37,12,50,0,56
13,53,72,50,43,62,0,0,0,43,50,43,15,12,25,53,53,40,0,15,9,37,15,22,75,0,0,50,50,56,37,31,12,47,0,50
13,72,75,56,68,72,0,3,0,84,72,78,31,31,53,34,72,53,3,53,25,53,12,22,72,0,15,65,75,84,53,59,22,65,0,72
13,59,68,56,53,68,0,0,0,50,59,47,56,47,43,53,53,75,9,28,18,68,18,31,56,0,18,53,56,68,40,50,15,50,0,50
15,59,75,75,50,81,0,0,0,50,81,50,40,28,43,81,53,50,0,56,22,50,37,25,78,0,28,47,47,72,72,75,18,53,0,59
15,62,62,62,47,62,3,3,0,47,62,43,15,15,40,59,56,37,3,28,40,43,53,31,68,3,53,37,47,59,56,50,28,50,3,62
15,75,72,75,50,75,0,12,0,53,75,59,18,18,43,90,50,25,3,50,15,43,59,18,75,0,75,43,47,75,53,53,15,50,0,72
15,68,72,62,50,75,3,6,0,47,65,50,25,18,31,59,53,40,9,25,22,50,40,18,75,0,18,47,47,72,59,56,22,56,3,68
15,65,72,62,59,75,0,22,0,50,56,47,22,22,50,62,65,37,18,43,28,43,56,37,72,0,34,43,53,72,56,53,18,59,15,68
15,62,68,75,50,75,3,22,0,50,75,50,37,31,47,59,53,37,25,53,40,43,65,34,68,3,53,43,50,62,68,65,53,59,34,59
15,56,72,72,62,75,31,37,18,50,68,47,34,34,43,56,56,50,37,43,50,53,62,53,72,25,28,47,53,68,65,65,53,56,47,65
15,56,62,56,43,68,40,37,43,40,59,40,12,25,31,28,56,31,25,22,50,31,31,47,59,47,22,37,47,56,53,50,28,50,53,50
15,53,68,68,50,68,0,0,6,37,56,34,25,25,40,53,50,28,3,53,31,40,93,62,59,0,43,31,53,53,59,53,43,53,31,56
15,62,72,59,50,72,12,34,18,47,59,50,25,22,43,50,56,37,25,50,53,43,53,47,72,12,31,47,50,68,68,56,47,56,50,62
15,68,75,72,53,78,12,12,15,53,59,50,34,28,50,53,62,50,12,68,47,50,59,50,78,12,53,50,50,68,72,75,34,56,37,72
15,53,75,68,47,68,34,25,28,50,59,47,18,22,40,31,50,40,40,40,47,40,28,43,75,34,18,50,47,75,53,47,25,50,47,65
15,50,62,65,53,72,3,12,0,40,59,40,18,22,28,50,47,40,22,43,37,43,68,34,72,3,22,40,50,59,62,56,40,47,15,56
15,62,62,65,53,72,0,22,15,50,62,50,25,25,43,53,59,28,22,53,53,40,59,50,62,6,25,43,43,59,59,59,34,50,47,59
15,53,62,62,56,72,6,15,15,43,65,47,15,22,37,50,56,40,18,43,31,43,56,22,65,6,25,43,53,62,62,56,40,47,28,59
15,56,68,65,50,68,0,0,0,50,53,50,25,25,43,31,65,43,0,31,25,47,37,18,72,0,6,50,50,53,65,56,28,53,0,68
15,61,62,64,51,68,6,12,4,47,61,48,22,22,45,56,50,37,12,45,26,40,45,15,70,4,56,47,47,64,51,45,32,50,7,62
15,68,75,72,68,72,0,22,9,59,75,72,25,25,43,47,68,53,15,47,40,53,43,47,81,0,28,56,59,75,68,68,43,53,28,75
15,56,68,68,50,72,15,18,12,47,59,47,18,18,47,31,59,40,18,37,50,40,40,50,75,15,22,47,43,65,59,50,28,53,28,62
15,59,75,59,75,78,0,0,0,53,65,50,53,53,72,47,65,59,3,34,31,53,31,37,75,0,28,56,59,72,68,62,28,75,12,75
15,75,59,78,43,81,0,0,0,53,62,59,15,15,31,100,50,22,0,37,15,40,37,12,75,0,65,22,43,59,56,53,15,43,0,62
15,53,68,68,50,72,50,47,34,47,72,43,25,43,50,50,68,37,50,53,59,43,65,56,72,50,31,50,50,59,72,68,43,53,68,53
15,72,75,78,50,78,0,3,0,50,75,50,18,18,34,87,47,31,0,65,12,43,37,22,75,0,53,43,47,72,72,75,22,50,9,75
15,53,72,59,50,72,0,18,25,40,53,47,12,12,28,43,65,28,22,53,50,37,65,59,75,3,43,37,47,72,53,56,40,50,47,68
15,65,72,72,47,78,0,0,0,47,56,50,18,18,31,93,47,22,6,43,12,40,50,18,75,0,62,34,43,68,50,50,18,50,0,62
15,59,65,53,50,65,43,37,28,43,53,47,31,34,40,50,53,43,28,31,53,50,34,50,65,37,22,50,53,56,53,53,40,50,47,56
15,62,72,65,53,68,0,3,3,47,65,47,22,22,43,47,53,50,0,50,31,50,75,25,68,0,9,43,50,53,59,56,50,59,3,56
15,53,68,68,50,75,3,18,15,50,59,50,25,22,40,28,59,37,18,43,34,37,53,53,72,3,28,47,47,56,56,59,34,50,37,56
15,62,62,65,50,68,0,25,6,43,59,47,18,18,34,43,50,43,15,65,31,47,78,43,65,0,25,47,47,56,53,50,37,50,28,53
17,50,65,62,47,72,47,40,28,43,56,47,28,28,34,50,53,37,50,43,68,40,28,68,68,50,53,40,47,65,50,50,28,53,56,53
17,65,72,72,56,78,0,6,0,50,68,59,22,18,43,72,68,50,6,72,47,53,28,56,75,0,75,47,50,72,59,62,56,56,25,72
17,56,75,75,53,78,15,25,0,50,75,47,31,28,50,72,53,50,31,50,56,50,28,43,75,15,59,50,56,72,72,72,43,56,28,72
17,65,72,68,62,75,0,6,0,50,68,56,43,43,50,62,68,53,22,75,31,53,22,53,75,0,47,47,56,75,62,59,25,50,22,72
17,50,67,51,47,64,0,9,0,40,51,40,22,26,36,50,50,32,11,45,26,42,26,39,62,0,26,39,47,56,51,43,18,50,15,53
17,50,56,56,50,62,50,47,34,34,53,34,18,28,34,53,53,34,47,31,56,34,28,56,65,53,40,37,50,62,40,47,25,47,50,56
17,59,68,78,62,78,0,22,0,50,72,47,25,25,50,72,53,50,28,68,47,53,43,50,75,0,56,47,50,72,68,68,53,56,25,72
17,65,78,78,56,81,31,37,47,56,78,53,31,40,53,68,68,53,25,68,47,53,50,53,78,40,72,53,53,72,68,68,56,56,43,68
17,56,59,53,50,62,9,12,0,43,53,47,15,15,31,47,53,34,9,15,22,34,22,28,75,6,22,43,50,53,47,43,15,50,18,62
17,68,59,78,50,75,0,28,0,50,72,47,37,40,43,72,56,50,31,65,53,50,34,47,72,0,81,47,50,65,72,68,43,50,50,56
17,47,68,53,50,72,0,3,0,34,53,31,28,28,31,65,56,37,28,40,34,37,22,28,68,0,43,43,47,59,47,43,18,47,18,56
17,56,75,72,53,72,12,6,0,50,59,47,47,47,50,72,56,50,9,65,28,50,22,31,72,15,68,50,50,72,68,53,31,68,12,56
17,68,72,72,53,75,28,37,22,50,65,47,18,22,40,56,53,31,18,59,50,40,37,47,75,28,47,40,43,72,59,59,40,53,40,72
17,53,59,62,50,67,48,41,24,46,54,42,25,28,39,54,54,34,44,37,54,40,29,52,64,48,43,42,46,56,53,49,36,51,57,53
17,56,65,59,50,62,6,15,6,43,62,40,22,22,37,43,50,37,12,40,31,40,28,47,59,3,22,43,47,56,47,47,31,53,34,62
17,62,72,72,50,72,25,25,3,50,53,47,31,31,50,56,62,50,3,56,47,50,25,47,72,28,53,47,53,68,53,56,31,53,47,72
17,53,53,56,50,65,53,53,53,47,59,47,18,25,43,47,68,25,62,31,75,25,37,65,56,68,43,31,47,53,53,53,28,50,72,53
17,53,68,75,50,75,47,47,15,50,68,50,25,43,43,62,59,43,47,56,50,47,43,53,75,43,50,47,47,72,68,59,50,43,50,62
17,68,72,72,50,75,0,6,0,50,62,47,31,31,43,68,72,47,28,59,40,50,25,37,78,0,65,50,56,68,72,62,28,53,25,72
17,68,72,53,50,72,34,37,0,47,56,50,28,34,50,50,59,47,47,43,50,47,28,53,72,34,59,43,50,59,50,47,25,53,43,53
17,68,75,72,65,75,0,0,0,53,68,53,31,31,47,59,72,53,22,34,43,53,18,37,75,0,53,43,53,72,59,56,12,56,22,75
17,65,72,68,50,78,0,22,0,50,72,47,40,40,50,47,50,47,28,65,47,53,22,56,75,0,62,50,50,72,68,68,43,59,43,72
17,65,65,56,50,75,28,40,15,50,65,53,18,37,37,62,65,40,43,50,53,43,37,53,75,34,68,40,47,68,65,65,47,50,50,68
17,59,72,68,50,72,22,25,0,50,65,50,18,18,43,78,59,25,43,22,43,31,34,47,75,22,53,43,43,59,53,53,18,47,22,65
17,65,72,64,51,75,0,11,11,51,70,56,18,22,40,48,61,47,26,53,47,50,25,57,75,0,61,48,56,73,62,64,29,51,42,73
17,62,72,75,50,75,0,18,0,53,68,56,25,25,43,56,59,47,12,56,28,47,31,43,75,0,50,47,59,75,56,62,56,50,28,72
17,50,72,68,47,72,25,25,0,50,53,43,22,28,37,53,59,40,15,53,37,47,22,50,75,40,47,40,47,56,56,56,50,56,18,53
17,56,75,72,53,75,0,6,0,50,53,43,28,37,47,56,59,34,31,37,34,40,22,31,75,0,28,43,50,72,56,56,28,50,25,68
17,68,75,72,72,72,0,0,0,50,68,47,40,43,50,50,50,50,25,65,25,53,12,31,75,0,37,56,68,72,59,53,22,68,25,68
17,65,72,75,50,68,40,47,37,53,72,56,47,50,47,75,72,50,40,56,72,53,22,56,75,40,53,50,50,72,68,68,65,62,62,68
17,61,72,68,54,73,15,18,6,48,70,47,34,37,51,65,62,47,23,65,51,47,26,54,73,17,57,43,51,72,59,53,42,56,43,62
17,56,75,75,50,72,12,25,0,53,56,50,28,40,50,68,53,50,31,53,50,50,22,53,75,12,75,53,50,68,53,50,40,50,31,68
17,56,56,53,50,56,0,6,0,50,50,47,25,25,31,56,50,31,12,50,28,34,31,43,56,0,22,34,50,53,47,47,34,47,25,50
17,53,68,65,50,68,40,43,9,43,59,43,22,25,40,56,53,43,50,40,62,50,25,56,68,40,50,47,50,65,56,53,34,53,47,62
17,59,72,68,50,72,22,28,28,43,68,43,37,37,40,72,53,47,34,68,50,50,37,56,72,22,72,50,47,53,56,59,56,53,50,56
17,53,65,72,50,68,12,34,15,50,72,53,25,25,43,59,59,40,50,53,53,47,37,50,68,9,53,47,43,62,56,59,53,50,31,68
17,62,75,72,50,75,22,31,9,53,65,56,31,34,47,59,65,50,40,50,56,47,40,53,75,25,65,50,50,65,68,62,34,62,37,68
17,62,72,78,62,75,0,31,0,53,75,53,47,50,50,68,68,47,25,53,50,47,40,47,75,0,62,40,47,75,68,68,37,59,22,75
17,68,65,68,50,75,28,34,0,47,65,50,28,31,50,68,56,43,34,53,43,43,34,43,72,28,72,47,53,75,56,53,47,53,34,72
17,51,64,56,47,65,42,39,7,42,54,43,23,29,39,53,64,34,56,17,61,37,31,61,67,39,56,39,43,59,47,47,23,50,43,57
17,65,62,56,47,65,47,40,3,53,56,53,18,22,47,50,62,37,50,18,53,40,18,68,65,28,43,40,47,56,50,50,22,50,50,56
17,65,75,75,65,75,12,12,0,50,72,50,28,34,47,72,75,47,34,72,68,50,18,53,75,15,78,47,50,72,72,68,40,59,50,72
17,68,72,72,65,75,3,22,18,50,72,50,37,43,47,56,68,47,28,31,47,50,22,40,75,0,59,50,65,72,72,72,31,65,31,72
17,65,68,59,50,75,28,47,6,50,59,50,18,25,40,65,50,37,47,56,47,40,31,50,72,40,62,37,43,65,53,53,56,47,43,72
17,56,59,56,43,56,56,43,47,40,53,37,25,25,37,37,56,31,43,25,62,34,31,59,65,50,34,40,43,53,47,50,37,50,56,53
17,53,68,59,53,72,25,37,25,50,59,40,22,22,43,40,53,37,31,40,43,47,37,43,65,25,25,43,50,68,56,47,37,50,34,56
17,68,72,72,59,75,59,53,37,50,72,59,40,28,53,68,72,47,47,56,65,50,53,65,72,47,53,34,50,56,72,59,59,65,65,68
17,53,68,68,50,72,72,53,53,47,53,50,18,18,37,50,53,34,59,31,68,37,47,65,72,75,43,47,47,56,53,53,43,53,75,56
17,59,65,62,50,65,28,22,0,50,65,47,25,18,34,53,53,43,31,31,40,47,28,40,72,25,53,47,47,62,47,47,31,50,37,65
17,53,54,51,50,62,22,17,0,47,51,45,23,25,42,61,50,34,37,34,46,40,23,45,62,17,26,42,47,54,43,40,23,51,31,53
17,56,68,56,62,72,25,28,0,53,56,53,25,28,47,75,50,43,43,28,47,43,22,43,72,22,47,43,50,72,50,43,18,62,25,65
17,59,68,75,62,72,0,9,0,47,72,53,50,50,53,72,53,50,22,53,28,50,28,47,75,0,37,47,47,75,65,62,37,65,25,68
17,56,72,68,50,75,9,3,0,43,53,50,18,25,43,53,72,43,28,50,53,47,22,50,78,3,68,43,53,75,53,53,22,50,31,75
17,56,72,72,53,75,0,18,0,53,75,53,31,28,56,72,65,50,28,56,47,50,28,40,75,0,62,50,50,68,72,72,47,68,28,75
17,50,59,59,50,75,3,6,0,43,62,43,25,31,43,62,53,43,31,56,40,50,28,40,68,0,56,43,53,59,59,56,34,47,22,59
19,50,56,56,50,56,12,15,0,50,50,43,25,25,40,53,53,40,40,6,47,40,15,15,62,18,50,47,47,50,40,37,15,50,31,56
19,72,72,75,53,75,3,3,0,50,75,56,25,31,50,59,68,50,22,43,37,50,25,43,78,0,75,50,53,72,68,56,22,56,22,75
19,65,78,68,50,78,0,9,0,59,59,59,22,28,47,47,68,37,12,18,22,43,22,25,84,0,40,37,56,78,50,43,15,47,3,81
19,75,75,56,53,78,15,15,0,53,68,62,37,28,53,75,59,43,15,43,28,50,31,25,81,15,81,53,53,72,50,50,28,53,15,75
19,72,75,72,53,75,0,0,0,53,72,56,25,25,47,50,53,50,3,43,25,50,25,22,78,0,75,53,56,75,59,47,25,53,0,75
19,78,78,78,50,81,22,31,3,65,75,75,22,25,50,72,72,37,28,53,43,50,31,50,84,18,93,37,50,78,59,53,28,47,22,81
19,65,75,75,50,78,0,12,0,50,65,50,25,28,47,62,59,43,6,31,31,47,28,28,78,0,68,47,56,75,56,56,31,59,25,72
19,62,68,56,43,72,28,22,0,34,53,47,22,31,28,50,56,22,40,22,50,25,22,47,75,18,68,31,43,56,50,43,22,47,40,59
19,72,75,72,53,75,0,6,0,56,65,53,18,22,53,68,59,40,15,18,31,43,43,37,75,0,90,40,56,75,53,50,18,50,18,75
19,59,72,53,50,75,47,43,0,50,53,53,18,31,37,50,72,40,50,37,56,40,12,53,75,43,78,43,47,59,50,53,25,53,47,72
19,59,72,68,50,75,50,40,0,50,53,47,28,34,47,72,56,31,34,37,50,40,28,59,75,34,81,43,50,62,53,56,22,47,43,65
19,68,75,68,50,75,0,0,0,53,53,50,25,25,43,50,53,50,0,28,25,53,22,3,81,0,40,50,53,72,62,65,22,59,0,72
19,68,84,62,62,84,0,3,0,59,65,62,22,22,43,34,72,53,3,15,15,62,15,9,87,0,31,68,81,81,47,43,15,53,3,75
19,56,72,65,53,62,3,9,3,47,56,47,31,34,47,53,56,50,31,34,34,53,22,31,72,3,62,53,56,65,53,53,22,56,25,62
19,72,75,72,50,78,0,0,0,62,75,53,22,22,40,78,53,34,0,43,15,50,25,6,78,0,25,50,47,75,59,56,9,50,0,75
19,72,75,65,50,75,0,0,0,56,65,56,53,28,40,75,62,37,0,25,0,50,22,22,75,0,34,43,50,62,59,53,18,50,0,78
19,62,72,72,56,75,0,9,0,47,72,50,37,37,47,56,68,53,28,47,40,50,31,34,72,0,62,53,59,72,65,62,25,50,15,72
19,53,75,59,50,72,34,28,0,50,56,50,25,25,34,53,56,43,43,47,53,50,18,47,72,28,65,53,56,68,50,47,15,56,31,65
19,65,75,65,62,75,3,3,0,53,59,50,28,28,47,59,62,43,28,47,37,50,25,43,75,0,72,50,53,72,50,47,25,53,28,72
19,78,75,75,65,81,0,0,0,59,78,62,25,22,53,62,68,47,3,53,22,53,15,15,81,0,84,56,68,78,72,72,15,59,0,75
19,50,65,53,50,56,31,28,0,47,50,47,15,28,40,47,50,28,25,15,43,28,12,53,65,28,56,34,47,62,34,37,12,50,34,62
19,68,75,72,50,72,0,15,0,50,68,50,25,25,43,53,72,50,28,31,47,50,15,56,75,0,59,50,53,72,56,56,22,50,28,75
19,56,72,68,47,72,31,34,0,47,56,50,22,22,47,43,53,34,43,22,47,47,18,37,72,28,59,43,53,72,50,47,18,53,34,72
19,50,68,50,53,68,25,28,6,53,56,50,25,25,47,43,53,31,43,22,47,47,25,40,59,25,43,50,53,56,50,43,25,56,25,50
19,50,65,68,68,72,0,22,0,53,72,47,37,43,59,50,75,56,50,47,53,50,9,43,75,0,47,50,59,75,65,65,28,68,12,62
19,75,75,75,53,75,0,3,0,68,75,72,28,28,53,72,68,50,18,28,43,53,22,40,81,0,78,50,62,75,65,50,22,50,25,75
19,68,72,65,50,72,0,0,0,56,68,56,25,25,43,47,50,43,0,40,22,40,15,9,75,0,65,50,50,75,62,50,22,50,0,75
19,45,57,48,48,65,23,26,1,32,50,37,17,22,34,40,54,28,42,26,45,43,18,37,65,23,53,34,47,56,43,39,18,51,36,56
19,56,72,72,53,75,0,18,0,50,72,53,18,15,40,59,53,40,25,40,25,47,25,25,78,0,75,40,50,75,56,56,15,47,12,72
19,68,75,53,50,78,0,0,0,56,53,50,12,15,47,18,50,31,0,25,12,43,6,9,93,0,40,34,59,72,31,31,9,47,0,75
19,65,72,68,53,75,28,22,25,50,62,50,18,25,43,68,62,47,22,34,40,50,28,43,72,22,72,47,50,68,59,50,15,47,25,65
19,65,75,68,50,72,0,0,3,50,68,50,28,28,50,59,53,40,0,34,22,50,25,28,78,0,65,43,53,75,68,59,22,50,0,75
19,65,81,78,62,75,0,3,0,53,78,59,31,31,53,56,72,50,0,56,25,62,43,31,81,0,68,53,72,78,75,75,18,68,0,75
19,72,75,65,50,78,18,15,0,53,65,53,22,25,37,59,59,40,28,56,37,50,22,43,78,18,78,40,50,72,53,53,18,47,28,72
19,78,75,72,50,75,0,15,0,56,75,59,18,22,47,65,65,47,22,47,43,47,25,31,75,0,78,53,50,78,68,56,18,53,18,81
19,72,75,62,53,75,0,22,0,53,68,65,28,31,53,50,68,47,40,50,47,47,25,43,78,0,87,50,50,72,56,53,28,53,25,78
19,72,75,75,53,78,0,22,0,68,75,72,40,47,50,68,68,50,40,53,47,53,28,47,84,0,93,40,56,75,50,50,25,53,25,81
19,50,72,53,50,72,28,12,0,56,59,53,25,25,43,53,72,43,43,6,68,47,12,53,68,15,53,47,50,62,50,37,15,50,43,53
19,50,75,56,47,72,47,28,0,31,56,40,18,22,28,47,75,28,65,6,75,28,15,53,65,47,50,28,47,68,34,37,22,50,50,53
19,59,72,72,53,72,3,15,0,59,68,56,22,22,40,59,65,50,28,50,56,53,18,56,72,3,47,50,68,75,62,68,18,50,28,65
19,53,75,56,50,72,3,3,0,53,53,50,25,25,47,37,59,47,37,31,50,47,22,43,72,0,47,50,50,72,53,47,22,50,25,62
19,59,68,50,53,68,12,9,0,59,59,56,28,28,50,25,53,47,25,47,37,50,18,34,72,9,40,56,68,75,43,47,25,53,25,65
19,75,75,72,50,78,0,22,3,65,68,72,31,28,50,81,56,43,15,53,34,53,59,40,81,0,90,50,56,78,59,59,43,53,25,75
19,78,78,65,50,75,0,0,0,62,65,62,15,15,28,50,47,43,0,37,9,47,12,9,81,0,40,50,68,78,50,53,12,47,0,75
19,62,72,56,50,72,40,31,18,40,59,43,18,22,37,56,56,37,43,43,50,47,31,40,72,37,50,50,47,68,59,50,18,53,43,59
19,53,59,59,43,56,28,22,12,40,50,43,12,18,22,50,68,34,43,25,56,31,18,75,68,22,43,43,50,53,50,50,15,50,50,56
19,56,75,65,62,68,9,9,0,50,65,43,22,28,47,47,65,56,40,47,43,50,12,28,72,9,47,50,53,68,56,53,12,50,18,56
19,53,68,72,50,75,3,6,3,43,62,47,25,28,47,72,62,40,22,59,37,47,37,22,75,0,75,47,50,72,68,62,31,50,3,72
19,50,59,56,53,68,28,28,3,40,59,43,22,28,40,62,59,37,34,25,43,37,43,47,62,22,40,37,47,62,59,43,22,47,34,56
19,65,84,68,65,75,0,0,0,56,72,62,0,0,43,43,75,59,0,18,18,62,18,9,81,0,25,68,75,81,53,53,15,59,0,75
19,53,68,59,47,68,0,9,0,40,53,50,18,25,34,53,47,34,15,25,28,37,40,37,75,0,56,34,47,59,50,47,18,47,18,68
19,72,75,65,53,72,0,0,0,65,68,68,22,25,43,37,65,47,0,43,9,53,12,9,78,0,59,50,75,72,53,47,9,53,0,75
19,75,72,72,50,75,0,0,0,53,68,56,25,25,43,56,56,43,31,50,43,47,28,50,75,0,75,47,50,75,62,62,18,47,18,72
19,59,75,65,53,78,0,0,0,50,62,50,18,18,50,62,50,40,3,34,18,50,31,25,75,0,43,47,50,75,53,53,22,50,0,75
19,68,75,75,68,75,0,0,0,53,72,53,31,40,50,56,59,50,25,50,25,53,25,18,75,3,37,56,56,72,62,68,22,62,3,72
19,56,78,68,56,75,0,0,0,50,78,50,37,31,50,50,50,59,9,53,18,53,18,15,75,0,40,56,65,78,75,68,15,56,0,72
19,68,75,68,65,75,0,0,0,50,68,47,28,28,50,50,56,50,31,22,40,50,18,34,75,0,75,50,56,72,59,56,22,59,9,72
21,59,97,72,68,78,0,0,0,53,75,53,9,9,47,25,72,68,25,40,28,68,9,18,75,0,31,75,78,87,53,47,12,68,12,68
21,72,84,62,62,68,0,0,0,75,75,68,47,50,53,34,59,72,18,15,18,72,12,6,78,0,15,81,81,90,50,56,12,65,0,78
21,65,78,62,65,68,0,0,0,62,59,59,22,22,56,31,59,50,22,9,28,62,12,22,72,0,6,72,78,78,59,53,12,59,15,75
21,62,72,65,68,68,0,0,0,65,62,62,47,40,56,34,50,50,9,40,18,56,18,22,72,0,18,62,75,75,53,50,15,59,0,59
21,72,84,72,72,75,0,0,0,72,72,68,12,12,50,28,68,68,0,3,22,72,18,3,78,0,15,78,81,81,56,53,18,59,0,75
21,72,78,53,65,68,0,0,0,59,56,75,31,28,50,28,56,50,12,50,22,53,9,9,68,0,37,56,72,78,53,50,18,59,0,78
21,68,75,72,75,75,0,0,0,50,65,53,15,18,53,25,56,53,15,47,15,56,15,15,75,0,40,78,81,78,43,53,15,53,0,72
21,68,97,75,62,72,0,0,0,62,75,53,9,6,50,22,65,65,3,43,12,65,6,6,75,0,37,75,84,81,53,56,12,53,0,75
21,56,78,72,72,75,0,0,0,56,62,68,22,22,50,25,75,59,9,37,25,68,22,22,75,0,40,72,81,78,56,47,18,56,0,68
21,62,93,65,56,68,0,0,0,53,72,56,15,15,47,25,72,53,0,43,15,62,15,22,78,0,47,75,97,81,53,56,15,50,0,75
21,59,75,68,53,72,0,0,0,50,65,31,15,15,31,22,68,53,28,18,31,53,15,25,72,0,18,50,75,75,47,43,12,59,15,68
21,53,75,53,65,65,0,0,0,53,59,53,12,9,43,25,72,50,3,47,15,53,12,6,68,0,31,75,75,75,53,53,12,56,0,65
21,56,75,56,68,65,0,0,0,47,56,47,25,25,31,25,65,50,25,25,25,59,15,22,68,0,18,72,75,75,43,47,18,50,3,65
21,68,81,62,62,78,0,0,0,59,72,56,25,25,50,25,75,56,15,25,25,72,18,25,75,0,25,72,78,81,56,56,18,50,12,75
23,68,81,72,50,81,0,0,0,43,78,50,18,15,40,28,65,56,0,22,12,50,12,3,81,0,15,50,72,75,43,43,18,56,0,78
23,68,84,65,53,75,0,0,0,47,75,50,3,3,22,25,47,93,0,12,6,68,12,3,75,0,15,50,65,78,40,40,9,50,0,78
23,75,100,78,50,97,0,0,0,50,81,43,15,15,47,28,72,56,0,34,6,50,6,0,81,0,18,50,75,78,50,47,18,59,0,78
23,68,81,62,50,81,0,0,0,40,56,50,0,6,18,22,50,43,0,6,6,43,12,18,87,0,0,40,50,75,34,34,15,56,0,78
23,72,90,78,59,81,0,0,0,53,78,50,31,25,47,28,65,75,9,40,15,75,12,3,84,0,15,53,68,90,62,50,22,72,0,75
23,53,72,53,50,59,0,0,0,25,50,31,0,0,25,22,50,37,0,12,18,43,12,6,75,0,15,50,47,68,31,28,18,50,0,68
23,50,68,53,50,65,0,0,0,28,43,34,15,15,34,31,50,28,0,15,15,37,6,6,78,0,6,47,47,65,31,28,0,53,0,59
25,75,75,56,62,72,0,3,0,78,72,72,12,18,50,25,72,47,12,25,28,53,6,25,72,0,12,72,75,75,50,53,22,53,22,72
25,62,68,53,50,62,0,0,0,81,59,68,3,3,40,40,65,50,0,9,22,47,9,3,68,0,18,59,62,68,47,43,22,56,0,65
25,75,75,65,62,75,0,0,0,84,68,78,18,22,43,50,72,37,22,18,25,43,18,25,78,0,62,47,53,78,47,53,18,59,18,75
25,75,78,68,53,72,0,0,0,78,72,81,18,18,40,34,72,50,0,28,3,50,12,9,81,0,72,53,59,87,53,59,12,65,0,78
25,72,75,65,56,72,0,3,0,78,72,78,18,25,43,47,68,50,6,53,22,50,22,25,78,0,34,53,65,78,56,56,18,56,6,75
25,56,72,56,50,59,0,0,0,50,56,47,25,31,47,25,50,43,0,28,25,43,18,25,75,0,25,53,43,56,47,37,22,53,15,75
25,75,75,72,50,72,0,0,0,78,56,75,28,25,47,25,53,40,0,43,9,53,18,12,81,0,37,53,59,78,53,53,22,56,0,75
25,75,75,59,53,65,0,6,3,84,56,78,18,25,43,25,68,37,6,40,12,43,9,15,75,9,18,47,65,90,50,47,15,65,0,72
25,72,75,68,50,75,0,0,0,75,62,72,18,28,47,59,65,47,0,34,18,47,22,15,75,0,75,50,53,93,53,50,18,50,3,75
25,75,75,65,50,72,9,6,0,78,68,78,18,22,37,53,72,47,3,34,18,47,12,22,75,15,75,53,56,81,53,53,9,65,12,75
25,72,75,62,50,72,0,0,0,78,59,75,15,15,40,50,65,43,3,31,12,47,22,12,75,0,22,43,56,81,53,53,15,56,0,75
25,62,75,56,59,72,6,15,0,75,59,75,18,31,40,37,72,43,22,40,25,47,18,25,75,9,22,56,72,78,50,50,18,50,22,65
25,72,75,56,53,68,22,31,3,75,56,75,25,25,47,31,65,50,31,37,34,50,12,31,72,18,22,50,56,72,43,43,22,50,31,65
25,65,75,68,68,72,15,18,0,78,62,72,18,31,43,47,72,50,25,9,31,53,18,25,75,12,18,68,68,75,47,53,18,62,25,72
25,75,75,72,50,75,3,15,0,72,65,75,28,25,43,56,75,34,3,40,25,50,22,34,78,0,75,50,56,78,53,47,22,50,25,78
25,75,78,65,50,72,0,0,0,78,62,75,25,28,47,28,68,50,0,28,18,50,15,9,78,0,25,50,56,78,50,50,15,53,0,75
25,72,72,68,50,72,9,12,0,78,72,72,25,25,43,53,68,50,15,31,28,50,50,25,75,0,43,53,65,75,59,56,25,53,9,75
25,75,78,53,47,78,0,0,0,75,65,75,12,15,43,25,72,43,0,40,12,47,9,3,75,0,18,50,53,93,53,47,6,53,0,75
25,62,72,65,53,68,0,3,3,50,62,56,47,50,50,47,59,50,9,34,18,50,18,34,75,0,25,47,56,75,59,56,18,53,12,72
25,68,75,56,47,72,0,0,0,75,59,72,18,18,43,56,50,34,0,40,18,40,22,6,75,0,34,43,50,78,50,53,18,47,0,75
25,75,78,68,50,68,0,0,0,78,53,78,22,28,43,28,72,47,0,40,6,47,12,6,81,0,25,50,56,90,53,53,15,62,0,75
25,68,75,56,72,75,0,12,0,81,68,78,3,18,43,47,72,50,9,25,18,50,12,25,75,0,28,65,72,81,53,53,18,62,6,72
25,65,75,56,53,72,0,3,0,78,68,78,18,18,43,72,59,47,12,43,22,47,25,25,75,0,62,43,50,78,53,53,22,53,9,72
25,72,75,56,50,68,0,0,0,90,59,75,0,12,50,25,65,50,0,28,6,50,9,6,93,0,18,53,53,78,47,47,12,53,0,81
25,72,75,68,50,75,0,0,0,75,56,75,18,25,43,50,72,43,0,37,18,47,9,22,78,0,75,50,50,78,53,53,9,50,9,75
25,65,75,53,50,68,0,0,0,75,53,75,15,25,40,40,62,34,0,34,15,43,18,22,75,0,31,47,53,78,53,53,18,50,9,65
25,68,84,68,68,68,0,6,0,72,72,68,40,37,47,50,59,53,31,37,31,62,15,22,75,0,43,65,72,78,65,65,22,59,9,72
25,72,75,62,50,68,0,0,0,75,62,75,3,15,40,25,65,43,0,34,12,43,18,15,75,0,18,47,56,78,43,43,18,50,0,75
25,75,75,72,53,72,0,0,0,81,56,78,25,25,47,50,72,50,25,34,28,50,22,25,78,0,56,50,56,75,50,53,22,56,15,78
25,72,75,72,50,72,0,0,0,78,56,72,25,25,47,43,53,47,0,37,9,50,25,6,75,0,53,47,53,78,50,47,22,56,0,78
25,75,75,68,53,75,15,15,0,78,72,75,22,22,47,50,65,50,15,34,22,50,9,25,78,15,56,50,56,78,47,47,9,68,15,75
25,72,75,59,53,72,0,0,0,75,65,78,18,18,43,25,65,50,0,37,9,50,6,6,81,0,22,53,56,87,50,47,3,68,0,78
25,72,75,72,72,72,0,3,0,78,68,81,31,37,53,43,75,53,0,25,15,56,15,22,75,0,12,65,72,78,56,56,18,65,12,78
25,56,75,59,72,56,0,0,0,78,62,75,3,18,50,31,75,53,0,15,22,56,6,22,72,0,9,65,78,75,47,50,15,68,12,56
25,75,81,62,50,75,0,0,0,78,72,81,6,12,43,25,59,47,0,22,12,50,18,12,81,0,15,43,53,90,53,53,18,47,0,75
25,56,72,50,47,65,3,3,3,53,53,47,31,43,40,25,59,37,3,22,18,40,25,9,72,0,3,59,56,72,31,34,15,53,6,65
25,75,75,65,53,75,0,0,0,81,56,75,18,18,47,31,75,40,0,25,12,43,18,15,78,0,28,50,56,78,53,53,18,50,0,75
25,47,56,37,50,50,15,3,0,40,47,50,22,25,43,25,47,18,18,15,22,28,15,12,59,3,6,53,50,56,25,25,9,43,15,47
25,68,75,65,50,72,0,0,0,75,56,72,15,15,25,81,72,37,0,28,6,40,18,12,75,0,34,50,50,78,47,53,15,53,0,72
25,68,75,68,65,65,0,0,0,78,62,75,12,18,50,50,72,53,0,6,22,53,9,15,75,0,15,59,75,78,50,50,15,72,9,75
25,50,72,53,50,56,9,15,9,50,53,47,18,28,31,31,53,37,18,9,37,37,12,34,65,18,34,43,47,65,43,43,22,43,18,56
25,72,75,65,68,72,0,6,0,81,72,78,25,25,50,47,72,50,12,34,25,53,22,28,75,0,47,56,68,78,53,53,22,56,25,75
25,68,78,62,50,75,0,0,0,78,59,72,6,18,43,25,56,34,0,34,12,47,18,9,81,0,18,50,59,78,50,53,15,50,0,75
25,75,75,65,53,75,28,25,0,81,68,75,25,25,50,65,65,37,15,40,25,50,22,28,78,31,78,50,53,78,47,47,15,56,28,75
25,75,75,68,53,72,0,0,0,75,56,72,22,22,43,25,50,47,0,43,6,53,6,9,78,0,34,50,53,90,47,43,6,50,0,75
25,53,72,50,68,68,0,9,0,75,53,72,12,25,47,25,68,47,0,18,18,50,0,25,68,0,15,65,68,75,37,43,12,50,18,50
25,72,75,68,53,72,0,0,0,78,68,81,18,22,47,50,62,37,0,37,9,40,22,12,78,0,59,50,68,78,53,53,15,50,0,75
25,59,75,65,53,72,0,0,0,78,68,75,28,25,47,28,68,50,0,40,22,53,6,25,75,0,34,50,53,78,53,50,22,68,18,75
25,65,75,62,62,72,0,9,0,78,68,75,18,22,43,47,72,53,9,15,15,50,18,22,75,0,25,53,72,78,53,53,18,59,0,68
25,53,59,47,50,53,0,0,0,59,50,59,6,12,37,25,53,28,15,22,22,40,18,25,53,0,9,50,53,65,31,31,18,47,15,50
25,75,75,68,62,75,0,0,0,93,65,81,15,22,47,40,68,47,0,43,12,47,18,9,75,0,40,56,68,90,53,53,18,53,0,75
25,65,75,53,47,68,0,0,0,75,56,75,15,18,47,28,68,40,0,40,9,43,12,12,75,0,43,50,65,90,47,47,9,59,0,75
25,75,75,65,68,72,0,3,0,78,65,75,9,9,50,40,68,56,0,9,12,56,12,9,72,0,12,68,72,78,47,47,15,72,0,68
25,65,75,56,56,72,0,3,0,65,59,68,6,15,40,31,68,47,0,18,18,50,18,22,72,0,25,65,72,78,53,53,12,53,9,68
25,59,75,68,72,68,0,3,0,75,65,78,25,28,43,43,72,50,3,28,25,56,18,25,75,0,25,75,75,75,47,47,18,68,9,75
25,50,65,53,53,53,0,0,0,62,50,59,9,18,31,31,53,34,0,25,25,34,18,28,72,0,25,53,53,62,31,31,22,50,18,56
25,65,75,65,50,68,0,0,0,78,56,75,0,6,43,47,62,50,0,18,9,50,9,3,78,0,15,59,68,75,37,31,9,53,0,65
27,40,68,47,47,50,0,0,0,43,47,43,0,0,34,0,50,37,0,18,6,37,0,0,72,0,12,28,68,72,25,25,6,50,0,47
27,59,75,68,65,68,18,18,0,50,72,50,50,40,59,34,56,50,3,50,22,59,15,37,68,18,9,50,59,75,50,47,18,72,22,56
27,50,68,50,65,68,22,0,0,50,56,47,15,18,47,28,56,47,18,25,34,50,0,25,53,0,18,47,53,72,28,34,22,50,22,43
27,50,53,56,53,62,34,43,37,47,50,43,22,25,47,25,68,37,50,28,62,40,25,47,62,31,0,53,50,53,50,47,25,50,43,53
27,56,75,50,50,68,15,15,0,34,56,28,12,12,28,22,56,47,31,25,31,47,6,28,75,15,0,50,62,90,28,28,9,59,15,56
27,53,65,56,50,68,53,43,25,37,53,47,22,28,40,43,62,34,50,28,62,34,28,47,53,43,22,34,50,53,47,43,31,53,50,56
27,47,68,50,56,53,31,40,3,34,56,43,18,22,37,25,53,37,47,28,47,47,9,47,56,34,0,47,53,56,31,31,25,53,34,47
27,59,75,53,72,68,0,0,0,78,65,62,18,22,56,22,72,50,0,47,12,50,6,12,65,0,12,56,68,75,43,47,18,65,0,53
27,72,75,72,72,75,0,22,0,93,75,78,25,37,72,28,78,65,15,43,25,72,6,40,75,0,15,68,75,84,72,65,22,72,22,65
27,50,75,68,53,68,0,22,0,43,56,43,25,25,43,43,53,47,25,56,34,53,22,43,72,0,40,47,53,62,50,50,53,56,18,53
27,34,75,28,25,37,12,6,0,9,25,25,0,0,12,15,50,15,18,3,22,18,3,28,53,9,0,22,40,50,22,18,0,50,18,59
27,47,53,47,37,50,22,34,0,6,43,31,31,37,28,28,50,28,31,40,31,50,12,37,53,22,9,47,53,53,25,28,22,40,22,47
27,43,56,37,50,50,0,0,0,37,40,37,0,0,34,9,47,25,0,12,9,37,0,0,43,0,0,43,47,47,25,18,3,47,0,37
27,53,72,53,50,72,0,0,0,50,53,47,12,9,50,28,50,50,6,25,22,50,15,56,97,0,0,40,53,68,53,37,15,59,0,81
27,72,75,68,72,75,0,15,0,62,72,53,47,43,68,31,65,65,0,59,31,65,9,37,68,0,3,65,72,72,56,53,18,68,15,62
27,56,68,56,50,62,9,18,0,34,53,40,15,15,31,22,50,37,22,28,31,43,12,37,59,9,0,37,47,56,43,40,18,53,22,53
27,56,53,47,37,56,0,25,0,18,50,34,25,22,18,28,43,25,28,40,34,34,15,34,50,0,0,37,47,50,31,28,15,47,22,47
27,50,75,43,47,56,0,15,0,31,53,31,25,43,28,31,50,34,9,50,6,47,9,25,47,0,6,59,59,72,25,25,12,56,0,37
27,53,65,50,50,59,0,6,0,40,53,40,22,22,34,25,50,47,6,53,22,47,15,25,56,0,6,47,53,59,43,37,25,53,0,50
27,53,75,62,62,75,0,3,0,50,56,47,43,43,47,50,53,59,12,59,22,62,18,28,75,0,9,68,68,75,47,37,22,53,22,65
27,53,75,50,50,65,0,0,0,50,53,50,6,6,43,25,65,34,0,15,25,47,3,25,72,0,3,53,53,78,28,28,22,50,6,68
27,75,75,72,75,81,0,3,0,53,78,53,43,50,75,25,65,65,28,50,28,59,9,25,78,0,15,59,72,78,56,53,12,75,9,72
27,59,75,62,75,72,25,37,0,50,65,56,18,34,47,28,75,47,50,25,56,59,18,53,65,22,3,43,59,75,53,53,22,62,25,59
27,47,62,47,50,56,0,9,3,31,53,34,15,25,31,25,43,34,18,34,18,47,12,28,50,0,6,47,50,56,34,31,18,50,15,47
27,59,72,53,59,62,0,9,0,47,62,43,31,28,53,28,56,50,9,31,6,56,22,15,62,0,6,43,53,65,47,50,15,53,6,59
27,43,56,34,50,50,3,9,3,37,40,40,6,9,28,22,56,40,9,22,28,43,6,15,53,3,3,47,53,59,43,37,18,47,9,43
27,62,78,56,54,70,0,1,0,32,51,34,17,17,42,20,61,48,20,26,20,50,15,12,78,0,1,42,68,78,36,31,12,61,1,78
27,53,68,53,50,53,22,31,9,47,53,47,15,22,43,25,53,43,31,43,40,47,15,37,53,12,18,56,53,68,37,34,22,50,28,47
27,62,72,59,47,68,0,9,0,31,59,47,12,12,18,12,47,37,6,22,12,47,15,12,81,0,9,37,53,65,31,28,15,47,0,93
27,56,84,59,72,75,0,18,0,47,62,53,50,43,65,37,75,56,22,28,31,50,18,37,75,0,3,50,72,75,62,56,25,65,18,68
27,59,78,59,72,72,0,0,0,50,62,47,22,18,40,25,50,56,0,43,15,68,9,9,75,0,12,53,75,78,53,56,18,72,0,75
27,53,72,59,62,68,9,22,12,50,59,47,43,43,47,50,53,50,18,68,25,50,18,31,72,9,18,50,50,68,50,47,22,68,12,56
27,53,68,56,50,56,40,37,12,43,53,43,18,25,37,28,53,40,50,9,53,43,18,47,59,37,9,47,50,65,50,50,25,50,43,56
27,53,72,50,47,68,0,22,0,43,53,47,22,22,34,28,50,40,31,28,25,47,28,18,68,0,3,43,47,56,47,43,22,50,3,53
27,50,75,56,56,72,0,0,0,50,72,43,25,22,50,25,59,59,0,28,9,53,15,12,72,0,12,43,72,75,40,34,12,56,6,56
27,56,68,43,50,65,0,0,0,37,53,37,9,15,28,15,50,40,0,37,12,47,9,31,78,0,6,28,43,68,34,22,9,53,3,97
27,50,56,50,50,59,3,3,0,47,56,50,0,0,28,37,53,43,3,18,18,43,0,25,50,0,9,43,50,65,25,34,12,47,9,43
27,59,72,50,59,65,0,0,0,47,56,43,3,3,37,6,50,47,0,6,0,59,15,12,78,0,3,53,59,72,31,34,18,65,0,93
29,53,72,53,50,68,0,12,0,43,62,40,12,15,28,25,56,31,18,18,25,40,6,25,59,0,37,65,68,62,47,47,12,50,18,53
29,68,75,68,68,75,0,22,0,59,68,53,25,28,50,43,75,50,47,37,50,50,15,34,75,0,50,75,75,75,50,50,25,53,25,62
29,72,81,68,65,75,0,0,0,68,72,68,25,25,47,37,68,65,0,9,25,62,12,12,75,0,43,72,81,75,59,56,12,65,3,72
29,75,78,75,50,78,0,9,0,62,78,65,25,28,47,43,75,50,0,9,28,50,12,22,87,0,72,68,68,75,56,53,22,68,12,78
29,62,75,53,53,65,31,34,6,43,65,47,18,28,40,47,68,34,50,9,59,37,9,47,68,25,50,56,53,65,43,43,18,59,37,53
29,65,78,75,53,87,0,9,0,53,78,56,31,28,50,50,78,47,43,40,65,50,3,43,75,0,75,56,68,72,53,56,15,68,28,75
29,68,75,59,56,72,0,22,0,53,72,53,12,25,50,28,72,50,0,31,25,53,22,18,72,0,25,68,81,75,50,50,22,56,3,65
29,68,75,56,53,72,6,15,0,65,72,53,22,22,47,28,72,43,25,28,43,50,6,43,68,0,34,65,68,72,47,47,22,56,25,62
29,75,78,65,59,75,28,28,6,53,68,59,22,22,47,47,68,47,28,47,50,53,18,50,78,28,50,65,75,75,53,53,22,56,28,75
29,53,72,53,50,68,37,25,0,50,56,47,18,22,37,40,68,40,53,15,68,43,15,43,65,31,50,56,65,68,34,31,18,50,37,53
29,59,75,65,53,72,0,0,0,47,62,47,22,22,47,34,53,40,22,28,22,50,12,25,72,0,59,62,68,72,53,53,18,56,9,68
29,75,78,72,75,78,0,0,3,62,68,62,22,25,50,47,72,50,22,50,43,62,6,31,78,0,56,78,75,75,53,53,12,65,22,72
29,72,75,72,72,75,0,12,6,56,72,50,28,28,50,47,78,53,43,40,59,53,18,40,75,0,50,75,75,75,47,43,22,56,25,59
29,56,65,59,50,72,18,15,0,47,62,47,25,25,43,50,53,28,28,25,47,34,9,47,72,15,56,43,50,65,50,47,12,53,25,68
29,50,68,56,47,68,25,18,0,47,53,43,25,25,40,40,50,25,37,12,40,31,25,40,72,25,47,47,50,53,28,28,12,50,37,50
29,50,68,47,50,62,28,15,0,50,50,43,12,22,31,25,53,34,31,18,47,50,9,34,50,22,34,53,53,62,25,28,22,50,31,53
29,72,75,75,68,78,12,34,6,56,78,53,50,50,62,43,75,53,47,34,43,68,15,43,75,9,68,72,72,75,47,43,25,72,25,56
29,68,75,62,56,78,0,6,0,56,68,53,25,25,50,31,62,53,6,22,25,56,22,18,72,0,65,75,72,72,43,47,22,53,9,62
29,59,72,53,56,62,40,31,0,50,53,50,18,22,43,28,62,37,53,25,53,50,6,43,68,28,56,53,68,68,34,28,25,59,31,56
29,53,56,53,50,53,0,0,0,53,53,53,28,28,43,47,53,47,28,31,43,47,12,47,53,0,25,53,53,59,43,43,18,50,25,53
29,65,75,72,68,75,0,0,0,68,75,68,43,43,47,50,72,53,0,53,22,59,18,47,75,0,56,72,75,75,53,56,18,56,12,72
29,56,75,65,53,75,6,18,6,75,68,56,12,15,47,47,68,50,25,31,28,50,22,28,75,3,47,68,68,75,53,53,25,50,25,72
29,75,81,75,53,84,0,6,0,59,75,56,15,15,50,43,75,47,3,37,28,50,6,28,81,0,72,72,72,78,47,47,6,75,12,78
29,72,78,75,56,75,3,15,3,53,75,53,22,25,50,47,72,50,12,43,25,53,18,37,78,6,75,68,75,75,56,53,18,53,18,75
29,72,75,75,50,72,0,0,0,53,56,50,6,3,47,43,50,50,0,6,22,50,9,3,78,0,56,53,72,72,53,50,12,53,0,72
29,53,72,53,50,53,28,25,0,62,53,50,15,25,25,28,53,43,15,15,40,53,12,47,56,31,18,65,56,59,47,47,18,50,40,53
29,78,78,78,72,78,0,3,0,56,78,56,15,15,50,50,75,50,3,25,25,56,12,31,78,0,59,75,78,78,53,53,15,56,9,72
29,59,72,56,75,68,0,3,0,53,65,53,15,22,47,47,72,47,40,18,40,47,6,25,68,0,40,78,75,72,50,47,18,65,18,56
29,68,75,62,50,62,0,3,0,72,59,75,3,15,43,28,68,50,25,9,31,53,9,22,72,0,25,72,72,75,50,50,25,50,15,68
29,50,72,53,50,56,15,31,0,50,56,47,12,25,31,37,65,47,50,6,62,50,18,40,72,18,40,53,50,65,50,47,18,56,40,53
29,50,72,53,50,59,43,40,6,53,50,47,25,25,47,43,53,40,47,28,53,37,22,53,62,37,56,50,50,59,43,31,25,53,43,53
29,56,68,56,50,68,40,47,6,53,53,47,25,25,47,50,56,37,47,28,59,47,25,56,68,34,65,50,50,56,47,47,9,53,43,53
29,59,68,59,65,75,0,12,0,56,68,56,15,22,43,31,75,40,12,9,31,50,15,22,65,0,47,68,78,68,50,50,15,50,18,53
29,56,78,56,56,75,0,15,0,56,68,68,25,25,43,25,68,56,0,22,25,56,9,28,75,0,18,75,81,75,53,47,22,50,25,56
29,68,78,72,53,78,0,3,0,53,75,59,25,25,50,43,59,47,6,22,25,53,15,28,81,0,53,72,75,78,53,47,18,53,12,75
29,53,75,53,50,68,28,22,0,53,53,53,18,22,34,31,65,28,47,3,53,25,15,50,68,37,37,53,56,72,50,50,12,50,47,59
29,68,81,78,68,78,0,9,0,62,75,59,25,28,50,47,75,43,6,28,28,62,18,34,78,0,68,62,78,78,59,56,22,56,18,75
29,53,68,53,56,72,34,31,0,47,56,43,18,25,40,53,62,34,50,18,53,43,15,47,62,28,56,56,59,68,34,34,18,50,34,62
29,75,75,75,59,78,31,43,0,56,75,59,25,31,47,56,75,50,47,40,56,53,6,50,78,25,72,72,72,75,53,53,22,59,34,59
29,75,78,72,72,78,0,6,0,56,68,56,18,22,40,40,75,43,18,34,34,43,15,28,75,0,47,72,78,78,53,50,18,53,12,72
29,75,78,78,68,78,0,15,0,53,75,62,25,25,50,50,75,50,18,50,28,56,9,28,78,0,68,72,75,75,50,53,18,59,25,75
29,75,78,75,62,84,0,6,0,50,75,59,22,31,53,37,72,50,12,43,28,50,6,15,78,0,75,68,68,78,50,50,9,62,6,75
29,72,78,56,68,75,0,6,0,75,75,72,31,28,50,25,78,50,15,53,28,50,18,28,75,0,43,78,75,75,53,53,22,68,22,75
29,50,65,40,50,50,28,28,0,40,47,40,3,9,25,37,50,22,25,9,28,31,12,31,53,22,25,53,53,56,28,28,0,40,28,53
29,50,72,50,53,56,9,15,0,53,50,50,12,9,47,40,50,34,25,3,40,43,15,25,53,9,31,59,65,72,34,28,9,50,25,53
29,75,78,75,68,81,12,22,0,68,75,59,28,28,53,50,75,50,43,25,50,65,22,40,81,12,72,72,75,75,50,50,25,72,25,75
29,50,72,50,56,62,12,28,0,47,50,40,22,25,43,47,50,43,34,28,37,56,12,40,68,22,18,62,56,75,28,37,22,50,25,56
29,53,78,59,59,78,0,0,0,56,59,53,28,28,53,50,56,50,31,28,28,56,22,37,78,0,68,56,72,75,50,50,22,56,25,75
29,72,72,78,65,75,22,28,0,47,78,47,25,25,43,40,72,40,47,53,43,43,12,43,75,22,62,56,68,72,56,50,25,59,22,62
29,68,75,72,68,75,0,25,3,53,72,50,22,28,53,31,68,50,31,56,37,53,6,28,68,0,65,53,72,75,53,47,25,68,25,59
29,56,75,59,50,75,0,6,0,56,59,56,12,12,34,43,53,31,12,43,25,47,18,18,65,0,65,59,68,72,53,53,22,50,0,62
29,68,75,72,56,75,18,31,0,50,56,50,15,25,37,50,56,40,31,53,50,50,15,50,78,25,43,72,68,75,50,50,50,50,28,75
29,56,78,56,72,65,0,0,0,47,56,43,28,25,43,25,53,50,0,6,22,65,18,3,72,0,22,75,75,72,47,43,18,59,0,56
29,75,78,75,59,81,0,0,0,59,81,56,28,25,47,34,75,50,0,47,22,56,9,22,78,0,75,72,75,81,47,50,9,50,18,75
29,65,75,65,59,72,0,6,0,59,68,53,34,43,59,56,72,47,12,40,31,47,12,40,75,0,59,65,65,75,50,50,15,65,18,72
29,53,75,53,50,56,0,0,0,31,53,47,18,28,37,50,53,25,28,18,31,37,12,28,68,0,22,53,53,68,34,28,18,50,18,50
29,65,75,68,68,78,0,6,0,65,72,53,22,25,50,47,68,40,22,28,28,56,18,40,75,0,56,65,75,75,50,56,25,62,22,68
29,53,75,59,56,75,9,18,3,59,68,53,25,25,47,28,72,50,25,43,31,50,15,25,75,9,40,75,75,75,53,53,22,65,25,72
29,72,75,72,56,78,0,3,0,53,75,53,28,31,50,50,72,53,0,40,31,56,22,34,78,0,65,75,75,75,53,56,22,56,25,75
29,75,75,75,50,78,0,15,0,56,72,53,40,43,53,50,62,50,25,25,31,50,22,43,81,0,75,50,53,72,50,50,22,56,25,78
29,75,75,68,59,75,0,31,0,50,72,56,31,31,50,47,72,40,28,40,31,47,12,34,75,0,62,56,72,75,53,53,31,50,25,72
29,78,78,75,72,81,0,0,0,62,75,68,22,18,62,53,72,53,15,40,15,59,22,34,84,0,72,68,75,75,65,68,15,65,0,75
29,50,75,68,56,72,18,25,9,56,59,47,25,31,56,28,62,43,31,50,37,47,15,37,62,18,50,56,72,75,43,37,28,56,34,59
29,50,72,50,62,65,0,3,0,53,59,53,12,18,50,25,72,50,22,15,25,53,12,25,68,0,22,62,78,75,50,47,18,50,22,56
29,75,90,72,72,81,0,0,0,62,78,68,15,15,43,37,75,56,6,56,15,62,12,9,78,0,72,72,87,81,56,56,12,56,0,78
29,50,68,53,56,62,43,40,0,50,47,47,25,28,47,43,56,40,53,40,59,40,18,47,68,31,43,56,59,56,40,40,22,53,47,53
29,47,68,40,53,56,22,31,0,43,50,43,9,15,40,25,59,34,56,9,53,31,18,50,62,18,28,62,65,62,37,34,15,50,40,50
29,65,78,72,53,78,0,9,0,65,75,59,25,31,56,43,72,43,37,9,59,50,15,43,78,0,62,59,68,75,53,47,18,62,22,81
29,59,75,62,75,72,0,9,0,72,53,59,22,25,43,25,59,53,18,43,18,59,12,22,72,0,25,78,75,75,50,50,22,56,12,72
29,62,75,62,75,75,0,22,0,56,72,56,15,22,40,47,68,43,31,25,50,47,15,47,72,3,47,75,78,75,50,50,22,53,22,68
29,65,72,59,59,72,31,34,0,56,59,53,22,25,47,43,72,47,47,28,50,47,12,50,65,31,50,65,65,68,47,47,28,53,34,53
29,72,78,72,56,78,0,12,0,72,68,75,0,3,34,25,72,47,15,50,28,47,15,31,78,0,47,68,78,75,53,53,22,56,15,75
29,72,84,72,65,81,0,12,0,68,78,65,22,25,53,37,78,50,37,25,47,62,22,40,87,0,56,68,72,75,59,65,22,68,25,68
29,50,75,56,59,65,0,18,6,40,53,53,22,28,34,37,65,43,47,12,56,43,12,43,65,0,40,59,53,68,43,40,15,47,28,53
29,50,59,50,53,53,50,34,0,50,50,50,25,50,47,40,68,40,50,25,56,40,3,47,50,37,31,50,50,53,37,47,22,53,43,47
29,62,81,75,56,78,0,15,0,53,81,50,25,22,50,37,68,47,31,0,47,47,12,40,81,0,72,56,62,68,62,56,9,62,25,81
29,75,78,72,53,72,3,18,0,50,72,50,25,25,50,53,56,47,22,43,31,47,6,28,78,0,72,59,56,72,47,50,22,56,22,62
29,53,68,56,53,68,31,28,0,47,53,50,22,34,43,43,56,40,40,25,47,47,18,34,65,28,47,53,53,65,43,40,22,50,37,56
31,53,72,50,47,50,22,25,0,53,47,37,18,28,31,28,53,37,28,18,40,37,9,37,56,22,25,53,53,59,34,28,18,43,25,50
31,53,59,50,50,62,47,34,0,47,53,37,12,22,34,25,53,34,53,6,53,37,9,43,65,47,18,53,53,59,37,31,12,50,47,56
31,50,68,50,50,59,0,0,0,53,50,50,25,25,31,31,56,47,9,3,28,53,0,25,56,0,15,65,62,53,25,25,6,53,18,53
31,50,65,50,34,50,0,0,0,31,53,43,9,15,18,25,50,25,0,15,9,25,0,18,50,0,18,56,56,65,28,31,18,47,9,50
31,56,72,50,62,65,12,15,0,53,50,53,25,28,34,40,62,37,28,15,37,43,12,28,68,12,40,62,75,72,34,34,12,50,18,59
31,50,56,43,50,62,43,25,28,28,50,43,18,40,25,31,59,18,47,9,56,25,15,59,53,34,22,43,43,53,37,28,12,50,53,47
31,47,78,40,37,50,0,0,0,28,50,28,0,3,18,18,53,22,3,15,12,22,9,15,75,0,12,28,43,50,22,22,3,50,0,72
31,47,65,40,53,53,0,6,0,37,47,34,9,15,25,28,56,22,15,3,31,25,0,31,53,0,18,75,65,53,25,28,12,47,22,43
31,50,62,53,59,56,12,6,0,50,50,50,12,18,28,25,56,37,22,22,34,47,3,28,53,12,15,68,65,65,28,28,12,50,22,53
31,56,72,50,53,59,15,9,3,56,53,56,18,25,40,28,59,47,22,15,34,47,9,22,65,6,22,72,72,72,50,47,18,62,25,56
31,28,53,31,47,43,3,6,0,28,40,28,0,6,22,18,40,34,22,3,25,31,0,22,37,0,6,59,59,50,22,18,3,37,25,40
31,43,62,43,50,50,0,0,0,50,50,43,9,15,22,22,53,25,18,0,31,31,0,25,47,0,18,72,65,56,25,25,9,50,18,47
31,47,62,43,50,50,12,9,0,25,50,37,18,25,22,37,43,22,18,12,22,31,12,25,56,3,12,59,56,59,28,22,15,40,18,43
31,50,59,40,53,56,15,18,0,50,47,47,18,22,37,28,53,25,25,6,34,37,15,47,53,12,34,65,62,59,31,31,15,50,25,53
31,47,65,47,53,50,22,6,0,50,40,34,6,9,28,25,53,31,28,22,37,50,6,28,50,0,25,53,59,53,28,25,22,47,25,47
31,56,75,53,53,56,18,28,0,53,53,47,22,22,40,31,68,31,28,22,43,50,18,40,56,15,34,56,68,68,43,43,22,50,28,56
31,53,65,50,59,53,0,0,0,53,50,50,18,22,31,25,68,53,25,6,28,53,0,25,50,0,15,72,75,68,25,28,15,47,22,50
31,53,75,56,47,53,9,6,0,50,53,50,12,18,28,25,59,40,9,12,28,40,9,12,68,3,25,59,62,68,40,43,18,47,6,53
31,47,62,47,50,56,15,15,0,47,47,28,25,31,28,43,53,28,25,22,28,28,6,28,53,15,40,53,50,50,25,28,18,50,25,53
33,50,68,47,50,62,3,9,0,37,50,37,15,22,31,22,50,40,22,18,25,47,9,15,53,0,6,53,53,68,28,28,6,47,9,50
33,43,56,47,47,50,0,0,0,31,56,28,6,9,34,12,59,43,12,3,25,47,3,22,47,0,0,47,75,59,22,12,6,50,6,31
33,50,72,56,62,65,0,0,0,50,53,50,3,9,37,25,72,53,25,12,37,56,12,31,62,0,15,50,75,75,43,37,15,50,22,53
33,31,47,34,43,43,0,0,0,22,43,22,9,12,15,15,47,28,0,6,15,28,0,6,31,0,0,43,50,53,22,18,0,25,9,25
33,59,75,53,59,75,0,0,0,43,65,40,18,18,43,31,65,50,31,12,34,53,12,28,72,0,22,50,72,75,40,34,12,50,18,65
33,62,84,72,62,78,0,12,0,47,68,43,18,22,40,31,59,50,34,15,37,53,18,31,72,0,22,62,72,81,40,47,15,50,25,59
33,53,65,53,50,62,3,3,0,56,53,50,28,28,40,37,56,47,28,22,40,56,15,43,59,6,22,56,59,62,43,50,22,50,34,62
33,62,62,56,65,72,47,47,9,50,65,47,18,28,34,40,62,40,56,9,56,47,12,47,53,31,25,65,59,62,47,47,18,53,40,47
33,56,75,56,75,75,0,0,0,53,53,53,22,25,68,28,75,62,25,28,28,62,12,25,68,0,12,50,75,72,53,50,15,56,18,62
33,56,75,62,65,72,31,31,6,62,65,53,25,37,65,37,65,53,40,18,50,53,18,37,65,25,15,65,68,65,43,50,18,62,31,56
33,72,78,68,75,75,0,0,0,72,65,68,37,43,75,37,75,56,37,34,37,68,18,31,72,0,18,59,75,75,56,56,18,72,22,65
33,50,72,59,56,72,25,22,0,50,62,47,15,15,37,40,59,47,47,34,50,59,12,37,65,25,43,53,59,68,53,50,18,50,31,53
33,50,65,62,68,75,31,31,0,56,65,53,22,25,53,28,59,47,34,15,40,50,15,31,53,22,22,47,50,68,43,47,18,53,31,53
33,53,56,50,47,68,0,0,0,50,59,37,15,15,40,28,78,34,25,12,34,37,9,31,56,6,6,40,53,65,37,34,15,47,18,53
33,62,78,62,53,75,0,0,0,50,56,50,22,22,28,47,53,53,0,25,25,53,25,3,78,0,25,50,53,75,47,50,22,47,0,75
33,43,53,50,50,50,6,9,0,43,50,53,3,6,25,9,68,25,9,6,28,37,0,22,47,6,12,56,59,62,22,25,0,34,15,37
33,47,53,43,50,53,31,18,0,47,47,31,9,9,34,28,56,43,40,6,34,43,12,28,50,18,0,50,53,56,28,28,9,50,31,47
33,68,72,56,65,68,3,6,0,53,65,40,18,22,43,31,62,59,34,3,40,65,12,18,65,0,9,62,72,72,37,34,15,56,18,56
33,53,72,56,47,72,0,6,0,50,53,43,18,18,31,28,53,43,37,12,43,43,12,28,65,0,18,43,53,68,43,31,18,50,18,59
33,59,78,68,50,72,0,6,0,31,59,37,18,22,31,31,59,47,28,22,22,47,18,18,72,0,12,50,62,75,47,43,15,50,9,65
33,56,62,50,53,68,0,3,0,47,59,47,25,22,47,40,62,43,22,9,40,43,15,34,56,0,6,47,59,62,50,47,15,50,31,53
33,50,62,37,53,53,3,3,0,34,43,37,6,9,25,18,56,37,28,12,34,43,0,18,53,3,12,43,50,56,18,25,3,34,22,50
33,56,75,68,56,72,0,0,0,50,56,47,25,25,47,25,59,53,37,22,43,50,15,25,53,0,3,53,59,75,50,34,12,50,22,56
33,47,56,43,56,56,25,22,0,47,53,37,15,22,37,22,59,40,40,22,43,50,12,37,50,15,18,50,56,59,28,34,0,40,31,47
35,40,62,34,50,47,28,15,0,31,34,34,18,22,28,28,50,37,43,3,37,43,0,31,50,25,0,59,53,59,18,18,9,40,28,40
35,50,68,50,53,53,3,6,0,50,47,47,31,34,37,31,50,47,15,0,25,53,6,31,50,0,0,65,56,53,31,31,12,50,22,43
35,53,68,56,75,68,25,28,0,56,65,53,50,53,65,53,72,56,31,37,50,53,12,56,53,22,15,59,65,72,50,47,18,72,25,53
35,34,50,25,43,40,0,0,0,28,34,25,15,12,25,25,40,28,18,6,28,31,0,18,40,0,0,50,43,43,25,25,6,37,0,25
35,47,50,50,50,50,6,12,0,43,53,43,31,40,50,47,53,37,47,22,53,40,0,53,47,0,0,53,47,53,37,34,15,50,25,43
35,50,50,43,47,56,0,15,0,12,50,37,40,53,37,31,50,22,34,31,34,43,6,34,50,0,12,56,50,50,28,28,18,50,25,43
35,43,50,31,50,50,0,18,0,28,47,28,28,31,40,37,53,34,31,15,43,34,3,43,47,0,6,34,47,50,31,31,6,50,25,31
35,47,56,47,50,50,0,6,0,31,40,28,22,31,37,25,47,40,15,3,28,43,3,25,50,0,0,50,47,50,15,25,18,50,25,31
35,28,50,25,50,43,0,0,0,25,47,25,25,25,31,22,47,25,18,3,28,25,3,25,34,0,0,50,47,47,25,25,3,31,25,25
35,25,43,28,43,40,28,25,0,25,37,25,18,22,25,25,40,25,43,3,43,25,0,40,25,25,0,31,40,43,25,25,3,47,25,25
35,18,53,25,50,47,0,0,0,31,40,31,15,31,34,31,43,25,22,6,28,31,0,28,37,0,3,56,53,43,22,25,12,34,18,28
35,50,68,53,72,56,3,3,0,65,53,53,53,47,65,50,72,50,25,22,28,56,9,47,59,0,0,68,59,72,50,53,15,53,25,47
35,34,50,31,50,47,0,3,0,31,40,34,9,15,31,28,47,31,25,3,25,34,0,28,40,0,0,50,50,50,28,28,3,50,22,31
35,25,50,28,47,47,3,3,0,28,43,25,22,22,31,25,43,28,25,12,28,28,3,28,47,0,0,50,47,50,25,25,18,47,25,25
35,40,65,31,50,47,0,0,0,37,37,31,6,6,31,28,43,47,3,0,12,43,6,15,47,0,0,56,56,59,28,22,3,40,6,34
35,47,68,47,53,47,0,0,0,34,47,34,12,12,28,28,50,40,15,0,22,47,3,25,43,0,0,65,62,65,25,25,3,43,15,25
37,47,53,53,56,53,28,25,0,53,50,53,34,43,59,28,56,50,25,22,31,47,0,50,50,22,0,53,53,56,34,40,9,56,28,47
37,53,72,53,68,68,31,31,9,56,56,53,31,47,72,47,75,47,50,28,50,53,15,53,53,28,15,53,56,68,47,47,22,75,31,50
37,37,50,28,43,43,25,22,0,25,31,22,0,6,25,0,37,22,25,9,28,25,0,25,34,25,0,37,43,40,18,12,0,40,25,25
37,31,43,31,43,47,28,28,3,25,37,28,3,12,28,18,37,22,53,6,43,25,0,25,31,31,15,37,37,47,22,22,15,40,28,18
37,28,43,28,50,43,0,6,0,28,28,28,15,22,28,22,43,28,15,3,25,28,0,25,40,0,0,53,47,43,25,25,0,50,22,28
37,53,68,56,53,68,31,28,0,47,53,43,28,28,50,40,65,53,50,22,50,53,0,40,50,31,25,56,59,65,47,40,15,62,37,65
37,47,56,50,50,53,47,31,0,34,50,31,18,22,37,31,47,34,50,6,50,34,0,34,50,31,25,37,50,53,28,28,9,53,31,37
37,40,47,53,50,56,43,47,6,50,43,31,22,22,43,22,53,31,68,9,65,34,0,43,40,31,18,47,40,50,31,25,15,43,43,37
39,34,50,28,47,43,18,3,0,28,40,28,0,9,25,25,47,25,31,3,34,34,6,22,34,18,0,53,50,56,25,25,9,40,25,37
39,34,50,40,50,43,12,15,3,28,50,25,18,18,25,25,53,25,15,0,22,22,6,25,50,6,12,50,43,47,28,28,15,37,22,43
39,56,53,50,50,59,0,3,0,68,53,62,18,25,40,22,53,37,18,18,25,47,3,28,47,0,18,50,50,62,47,47,18,50,18,47
39,31,65,47,50,50,15,12,0,37,43,31,22,22,28,25,47,31,34,3,34,31,6,25,47,15,0,68,47,65,28,25,6,47,25,43
39,37,59,31,37,47,25,22,0,15,50,22,18,25,25,22,47,25,22,28,25,31,0,22,43,22,6,53,53,53,18,15,12,40,25,25
39,50,53,50,53,53,0,0,0,50,50,50,0,6,31,28,62,43,0,3,22,47,0,25,50,0,3,59,56,53,34,34,18,47,22,50
39,47,75,47,62,56,0,0,0,31,50,31,15,15,34,25,50,43,9,9,12,50,9,9,50,0,0,81,78,75,28,28,15,47,0,43
39,37,53,31,53,47,0,3,0,37,34,22,22,25,31,12,53,43,25,28,22,43,0,25,47,0,0,47,50,53,28,34,15,43,15,37
39,50,68,47,50,53,12,15,0,40,50,28,25,25,43,25,50,34,28,25,43,31,6,31,50,12,40,53,53,72,28,28,22,53,25,53
39,50,56,47,50,50,18,15,0,75,50,56,3,18,34,18,56,25,18,34,18,50,6,22,47,6,15,72,56,62,34,31,18,47,22,43
39,50,68,56,59,65,18,18,6,56,53,43,22,22,59,40,72,53,28,12,34,50,22,28,65,18,6,72,62,68,50,43,12,62,22,59
39,50,72,59,65,72,0,0,0,59,59,50,25,31,68,28,56,53,12,18,34,62,9,43,62,0,12,62,68,68,50,50,15,65,22,53
39,25,53,34,50,43,18,12,0,28,47,22,12,25,22,18,53,25,28,15,31,25,3,25,40,6,9,59,62,59,25,18,12,37,18,34
39,40,62,37,50,47,0,0,0,31,40,31,18,18,34,50,53,31,15,3,25,37,9,22,43,0,6,47,50,53,22,22,0,34,18,47
39,31,59,31,47,43,3,0,0,40,37,25,12,6,28,43,50,34,6,0,15,40,0,15,50,0,0,53,53,59,12,15,3,37,9,31
39,56,72,50,47,59,9,18,0,47,56,47,12,22,37,34,50,43,9,37,25,47,9,15,50,0,15,65,53,68,31,31,18,50,12,47
39,28,62,25,43,37,0,3,0,25,31,9,0,6,25,9,43,37,12,6,15,31,0,6,40,0,0,62,53,65,0,9,0,34,0,31
39,50,56,47,50,53,0,15,0,40,53,37,40,40,34,25,50,37,0,40,22,40,6,31,56,0,15,43,50,62,37,34,18,47,15,43
39,43,50,31,43,37,0,12,0,28,34,28,9,12,25,22,40,37,3,12,12,40,0,18,43,0,0,50,50,50,25,25,18,43,9,28
39,53,75,53,72,56,0,6,0,50,53,47,43,43,50,47,53,56,40,43,50,50,9,43,56,0,22,72,78,72,50,43,15,59,25,56
39,28,50,47,47,47,43,28,6,25,47,25,0,12,22,12,47,25,50,22,53,28,9,43,50,47,0,37,47,50,28,28,3,47,47,28
39,50,72,65,62,62,0,0,0,56,68,56,22,25,37,15,75,53,18,18,18,62,0,18,50,0,18,68,75,72,34,43,18,65,3,53
39,53,75,53,75,56,0,9,0,68,50,53,25,40,53,28,68,50,15,25,25,53,9,22,53,0,15,75,75,75,47,43,22,56,22,53
39,50,72,53,68,65,0,0,0,47,53,43,28,31,47,25,68,65,18,25,25,59,9,25,53,0,9,65,75,68,43,43,22,65,18,50
39,31,53,28,43,37,0,9,0,28,37,25,9,9,25,15,43,31,6,3,28,34,0,12,37,0,0,50,43,56,12,12,9,37,9,34
39,53,62,43,50,50,0,18,0,43,47,47,3,9,25,12,50,37,18,25,25,40,0,22,53,0,9,62,50,65,25,25,9,47,9,34
39,31,56,28,50,47,0,0,0,34,43,31,0,6,25,25,50,28,3,18,18,40,0,6,50,0,0,53,56,72,15,22,15,50,0,31
39,53,72,53,68,53,0,12,0,43,53,43,40,43,47,37,50,53,28,25,25,68,22,28,56,3,0,78,72,75,43,40,18,56,12,53
39,40,53,37,50,43,0,0,0,15,34,15,0,0,34,22,43,47,15,6,25,47,9,25,43,0,0,56,59,56,25,25,0,37,22,31
41,47,68,50,53,56,0,0,0,31,56,40,25,25,34,43,50,68,25,28,25,75,22,15,59,0,0,72,72,78,50,28,22,50,0,53
41,34,53,31,47,47,0,0,0,40,47,28,12,12,31,50,47,40,22,3,22,40,3,15,47,0,0,56,50,53,25,25,0,47,12,31
41,43,68,43,50,53,15,15,0,37,47,28,25,28,34,31,50,47,25,0,34,47,9,15,56,15,0,59,53,59,25,25,15,50,15,50
41,47,72,50,50,50,0,0,0,34,50,43,15,15,34,28,50,34,18,25,28,62,3,28,56,0,0,56,50,72,28,31,22,50,25,50
41,40,59,40,56,47,0,0,0,34,50,31,15,18,22,22,43,56,9,18,9,75,15,3,50,0,0,65,68,75,25,28,18,43,0,47
41,62,75,65,72,65,0,0,0,56,72,56,47,47,75,50,75,65,15,25,18,68,12,31,65,0,0,53,72,75,53,53,12,72,3,65
41,50,72,50,62,62,0,0,0,56,53,50,37,40,56,43,62,56,12,37,22,56,18,28,50,0,0,68,62,68,50,50,22,53,9,50
41,25,50,47,50,47,15,15,0,34,43,25,28,25,31,47,47,40,25,3,34,40,6,31,53,25,0,50,50,50,25,25,0,34,28,43
41,50,72,47,50,68,0,0,0,40,50,43,6,3,25,50,47,56,18,22,18,65,18,3,75,0,3,59,53,72,43,43,18,62,0,65
41,22,43,22,40,40,0,0,0,6,28,3,0,0,12,6,22,25,0,9,0,25,0,3,37,0,0,22,47,43,18,3,12,37,0,25
41,47,75,50,50,56,25,31,3,47,50,31,15,25,31,37,53,50,25,9,34,65,12,31,72,28,0,72,62,75,31,25,15,50,28,53
41,65,72,50,53,72,0,0,0,37,59,37,28,18,40,47,53,65,18,15,18,62,12,40,72,0,3,56,59,75,34,31,9,50,15,59
41,53,75,53,68,65,0,0,0,40,56,37,28,18,43,53,50,72,18,18,18,65,15,28,59,0,3,62,68,75,40,40,15,59,18,59
41,50,68,43,50,53,0,0,0,47,47,40,28,25,34,40,50,62,25,12,25,72,6,25,50,0,0,68,62,68,25,25,22,50,18,50
41,68,75,72,59,75,0,22,0,59,75,50,34,31,40,50,47,72,15,43,22,78,22,22,75,0,28,68,75,78,65,62,43,62,18,68
41,53,75,53,53,62,0,0,0,43,53,31,22,22,22,31,53,68,18,18,15,68,12,6,59,0,0,53,68,75,31,31,15,50,0,56
41,62,78,59,65,59,0,15,0,47,53,43,40,37,40,47,53,75,25,28,22,81,25,22,68,0,12,68,72,81,47,28,25,53,0,59
41,62,68,59,47,68,3,3,3,47,65,40,53,25,43,53,65,50,3,25,15,62,22,9,62,0,6,56,59,62,56,53,15,53,3,59
41,53,72,56,53,62,0,6,3,43,53,37,28,22,34,43,53,59,18,25,18,62,15,25,62,0,9,65,62,75,43,40,22,50,15,56
41,22,75,31,37,47,0,0,0,15,31,9,0,0,9,12,37,43,0,18,0,78,3,3,53,0,3,62,62,81,6,9,3,28,0,34
41,53,78,50,53,53,0,3,0,40,59,37,28,18,22,47,50,53,15,18,18,65,18,6,75,0,6,78,68,75,34,31,18,50,0,53
43,47,72,47,47,53,0,0,0,34,47,28,12,12,28,40,50,50,0,3,22,59,6,15,53,0,0,50,59,72,31,25,0,50,12,56
43,43,53,47,43,53,9,9,0,28,47,34,12,15,31,56,53,31,12,6,22,28,25,18,65,12,3,47,47,53,31,31,6,53,15,50
43,43,56,47,47,56,0,0,0,28,43,25,25,18,28,59,50,31,3,9,15,31,9,3,56,0,3,47,43,53,28,28,3,50,0,53
43,50,72,47,47,59,0,0,0,37,50,40,25,22,40,50,53,47,3,18,22,37,25,3,68,0,0,50,50,72,47,37,0,62,0,53
43,43,62,50,50,56,15,15,3,37,43,25,9,28,28,31,50,53,15,25,34,47,9,31,56,12,0,50,50,65,31,25,9,53,25,50
43,40,68,50,50,68,0,0,0,34,62,37,18,9,37,43,43,47,6,15,12,47,12,15,72,0,9,50,56,59,31,31,6,50,0,75
43,40,56,40,43,50,18,3,0,22,47,28,15,15,22,37,43,28,40,9,37,34,0,22,50,3,3,50,43,56,25,25,9,56,22,50
43,40,65,47,50,56,6,9,0,34,50,37,18,12,43,34,50,28,12,6,18,34,18,18,59,6,3,53,56,65,37,31,12,53,6,59
43,53,78,51,51,64,0,0,0,32,59,34,11,7,36,31,51,48,0,0,1,42,4,0,65,0,3,40,57,72,31,32,0,54,0,61
43,47,75,53,47,56,0,0,0,43,47,40,9,9,34,31,50,50,0,15,18,50,12,3,59,0,0,75,50,72,31,31,22,53,0,50
43,43,59,47,43,47,0,12,0,40,40,28,22,22,40,25,56,28,0,3,25,34,18,25,65,0,0,43,40,47,25,25,9,50,0,50
43,50,62,53,47,68,12,15,0,43,65,47,25,25,47,25,50,37,25,47,34,40,40,37,68,15,0,47,50,62,43,40,22,53,18,53
43,50,75,53,72,53,0,0,0,43,53,43,18,22,34,28,72,40,6,15,25,43,9,25,68,0,3,53,53,75,47,43,15,68,15,53
43,50,78,56,50,68,0,0,0,34,56,43,9,0,40,25,50,50,0,3,9,50,9,0,72,0,9,68,68,87,31,28,3,50,0,68
43,53,75,47,59,56,0,3,0,47,53,47,22,25,34,43,53,50,6,12,18,47,22,28,75,3,9,68,56,72,43,40,18,56,0,68
43,43,53,40,43,50,0,3,0,25,43,28,12,25,28,25,50,34,22,22,12,31,12,25,68,0,0,50,50,50,28,28,12,50,6,50
43,68,75,59,75,72,0,0,0,68,68,65,37,43,68,43,75,65,3,34,31,65,22,47,75,0,0,65,75,75,50,53,12,68,25,68
43,53,56,53,62,56,0,0,0,43,53,40,37,34,40,50,62,53,0,15,25,50,12,6,62,0,0,59,53,59,50,50,12,59,0,59
43,31,59,31,47,50,0,0,0,40,50,28,12,3,25,62,50,37,15,3,22,37,6,25,50,0,0,53,53,68,25,25,0,50,0,50
43,43,59,50,53,47,0,0,0,47,50,40,15,9,50,40,50,47,3,0,28,47,18,25,50,0,0,65,68,68,31,31,22,50,9,47
43,50,75,50,50,59,0,0,0,37,50,37,15,15,34,25,59,40,6,18,18,47,18,6,75,0,3,50,59,68,31,31,15,53,0,62
43,40,56,50,53,56,0,0,0,37,50,40,12,9,25,34,50,47,6,9,22,43,15,15,62,0,3,53,53,59,40,40,3,62,3,53
43,47,75,53,50,56,0,0,0,47,40,47,12,12,47,31,50,50,0,22,25,50,22,3,62,0,0,56,59,72,31,28,6,56,0,56
43,43,68,47,50,53,0,0,0,25,43,31,6,3,25,25,50,34,0,3,25,43,9,28,72,0,0,43,50,68,25,25,0,56,0,72
43,31,56,47,50,50,6,0,0,43,43,37,22,25,31,28,47,25,0,3,18,28,12,25,56,6,0,59,47,50,25,25,9,47,6,50
43,59,78,62,50,68,0,0,0,50,59,40,28,6,25,53,50,47,0,25,22,50,18,18,72,0,3,50,59,75,37,37,18,56,12,65
43,31,47,31,47,50,22,15,0,25,47,28,18,18,22,31,50,18,47,3,47,22,12,34,50,18,3,40,43,50,28,25,6,50,28,47
43,31,72,53,53,53,0,0,0,28,47,28,9,15,40,28,50,22,6,15,18,28,9,3,62,0,3,65,50,75,25,25,6,53,0,53
43,43,50,47,40,50,25,15,3,37,40,34,22,22,28,34,47,34,47,12,47,37,22,34,50,25,3,50,43,50,25,25,12,50,37,40
43,43,75,43,53,53,0,0,0,34,50,37,9,3,28,47,53,34,6,9,15,50,15,15,62,0,0,59,56,75,34,25,6,47,0,50
43,43,68,40,50,50,0,0,0,43,43,28,15,22,28,28,47,40,9,3,28,40,6,18,68,0,0,50,50,65,25,25,9,50,12,53
43,43,50,47,43,50,43,37,3,28,50,25,28,31,37,37,50,31,56,15,53,31,18,43,53,40,0,43,47,50,40,28,18,50,43,47
43,53,75,47,56,56,0,0,0,31,50,34,25,28,22,50,56,50,15,22,18,56,12,31,72,0,3,65,59,72,34,34,6,50,9,53
43,43,68,50,43,53,0,0,0,31,47,31,6,0,25,56,50,25,0,6,22,25,22,15,72,0,0,50,47,53,28,25,9,47,0,53
43,40,59,43,43,50,0,0,0,25,47,28,22,22,28,43,50,31,18,12,25,40,15,25,53,0,0,53,50,56,25,25,12,50,22,47
43,25,50,31,43,50,0,0,0,3,40,18,3,9,0,15,40,25,31,18,31,25,0,18,40,0,0,40,50,50,25,25,0,47,3,28
43,28,47,37,50,50,15,3,0,31,47,28,0,0,28,25,53,18,43,12,47,25,15,31,50,9,0,37,43,50,28,22,0,47,28,31
43,56,72,62,53,68,0,0,0,37,62,34,34,34,43,50,65,47,0,22,6,47,9,15,75,0,0,53,65,75,31,31,12,50,0,65
43,43,62,53,50,59,0,3,0,28,47,34,31,40,37,40,53,40,12,15,28,40,22,31,65,0,3,40,47,65,47,43,22,62,25,53
43,37,53,34,31,50,0,0,0,18,37,25,0,0,15,22,47,18,0,9,0,22,6,34,81,0,3,18,31,56,25,25,0,43,0,65
43,56,81,53,65,68,0,0,0,50,56,43,25,25,40,31,59,50,15,31,40,53,18,25,65,0,12,62,72,81,43,28,22,50,22,53
43,50,65,37,53,56,0,0,0,43,34,34,18,12,31,28,43,34,0,3,9,37,9,18,56,0,0,62,53,65,34,31,9,47,9,56
43,50,75,50,53,59,0,0,0,47,53,40,9,9,31,40,50,47,12,18,28,56,22,22,62,0,0,75,65,75,43,34,12,53,9,53
43,47,75,47,53,50,0,0,0,28,50,28,15,18,40,25,53,34,6,22,22,31,15,22,72,0,0,62,50,75,25,25,12,62,0,68
43,34,53,47,47,50,0,6,0,37,47,28,22,25,28,31,50,34,25,9,31,43,15,28,53,0,0,40,47,56,28,28,22,50,25,40
43,65,59,65,47,68,0,0,0,43,56,47,9,9,40,84,50,40,0,22,9,43,50,31,68,0,28,47,47,59,37,37,22,56,0,62
43,37,75,37,50,43,0,0,0,25,40,25,0,0,22,22,47,28,18,9,25,34,6,15,50,0,0,53,62,72,25,22,0,43,12,43
43,34,75,43,40,50,0,0,0,28,34,28,12,12,25,22,40,31,3,12,18,34,15,3,50,0,0,68,56,75,25,22,12,37,0,34
43,47,62,47,47,53,0,0,0,47,47,31,15,12,34,50,53,37,25,3,25,43,6,22,53,0,0,53,53,56,28,34,9,50,12,50
43,43,50,47,50,59,18,18,0,37,47,43,15,15,34,47,53,37,25,6,40,47,18,50,56,15,12,50,50,53,34,31,9,47,18,47
43,31,56,25,40,43,15,3,0,18,37,22,9,15,22,40,50,25,15,15,18,28,18,34,62,0,0,47,40,50,31,22,18,50,12,56
45,31,50,37,43,47,50,37,9,31,37,18,9,12,31,22,43,28,72,3,68,25,0,50,31,50,15,31,47,43,25,25,12,31,53,28
45,56,68,53,53,65,0,3,0,50,56,47,15,18,40,40,68,47,37,18,56,47,12,78,68,0,43,47,43,62,53,53,18,47,25,53
45,50,50,50,37,56,0,9,0,22,50,28,28,25,25,28,50,18,40,15,47,34,12,40,47,0,50,34,40,50,34,28,6,43,25,43
45,34,47,40,37,56,47,40,0,25,50,9,22,22,25,34,56,25,59,28,56,31,0,40,25,43,18,28,31,40,3,25,0,37,43,22
45,40,47,34,37,43,40,34,15,31,34,37,22,25,34,28,43,28,43,12,50,37,15,40,43,43,6,34,43,50,37,34,12,43,40,43
45,47,53,50,50,59,43,47,0,34,53,28,18,25,37,28,56,28,53,9,53,37,0,47,50,43,22,34,40,50,31,31,9,47,50,40
45,50,59,56,68,68,37,37,3,59,56,56,43,43,62,47,65,50,50,12,59,50,12,53,62,31,31,40,59,65,50,50,22,62,43,53
45,40,48,47,39,50,45,40,7,32,48,29,17,18,32,20,42,31,50,17,48,26,0,36,40,45,18,28,40,48,18,25,9,42,42,29
45,50,53,50,56,53,28,28,0,43,53,47,18,25,40,37,53,37,47,18,47,43,15,28,47,28,25,43,47,56,43,34,18,50,28,47
45,28,43,28,37,37,0,0,0,15,31,15,3,3,9,15,47,18,12,0,15,22,0,22,31,0,6,22,28,43,22,15,0,31,12,31
45,50,56,47,50,56,15,18,0,37,50,34,18,22,34,43,50,40,43,15,47,43,12,37,47,9,18,40,43,53,37,28,9,47,25,50
45,31,50,47,43,47,53,43,3,31,47,31,18,22,31,34,50,31,75,12,68,34,0,50,37,47,12,31,43,43,34,31,6,47,50,43
47,50,50,50,43,62,59,53,28,40,50,43,12,22,31,31,53,34,65,43,68,31,0,59,53,56,25,37,43,47,34,34,18,50,56,43
47,47,50,47,53,53,25,40,3,31,47,28,22,25,31,47,50,31,40,28,50,37,0,50,43,25,18,31,43,50,28,25,15,50,25,31
47,50,59,50,56,59,31,43,31,40,50,43,22,34,40,50,59,37,47,18,47,37,12,53,53,34,9,43,43,53,37,40,18,50,34,47
47,40,47,43,53,50,18,31,9,37,47,34,12,25,37,50,53,31,37,25,40,34,0,50,40,22,0,40,47,47,25,28,15,50,28,25
47,28,50,50,53,50,25,28,9,37,50,34,18,22,37,40,56,25,47,9,43,28,3,53,34,22,6,31,37,53,25,25,18,53,34,25
47,53,72,65,50,68,0,0,0,50,56,50,9,12,43,50,50,50,25,28,43,50,15,50,72,0,40,47,50,72,50,53,22,53,25,50
47,28,53,43,53,43,37,40,22,28,34,28,12,15,25,25,40,25,53,15,50,25,0,28,43,31,12,28,40,56,22,25,12,37,31,31
47,43,50,50,43,56,59,34,22,34,53,34,9,9,40,25,50,25,72,22,72,28,0,47,43,53,9,34,43,50,28,28,15,50,56,28
47,43,56,56,50,62,53,43,3,47,53,43,22,31,50,34,59,37,72,9,75,37,0,56,47,59,6,34,47,59,31,37,3,47,56,43
47,28,43,40,47,50,22,34,18,28,47,25,15,18,25,31,47,18,37,22,37,25,0,37,43,15,3,25,37,47,25,25,18,47,25,28
47,43,50,50,50,56,56,50,22,43,47,31,18,22,34,31,53,31,72,22,75,34,0,50,43,47,15,34,40,50,31,28,22,47,50,34
47,56,59,53,53,59,50,50,56,50,56,50,34,34,47,50,53,31,50,43,53,50,0,56,53,62,25,50,47,59,50,47,28,50,75,50
47,53,65,62,50,65,68,68,59,34,53,31,12,15,31,22,56,37,59,25,68,43,15,65,53,75,37,43,47,53,43,47,25,50,72,40
47,53,68,56,50,68,12,25,12,47,65,50,18,22,37,59,59,47,40,47,50,50,12,47,72,6,43,50,47,72,53,53,25,50,31,65
47,50,50,50,50,50,50,50,12,37,50,34,18,22,47,31,53,34,78,25,65,50,0,43,50,50,0,37,50,50,31,31,22,50,50,37
47,53,72,59,53,65,34,37,9,50,65,50,15,28,50,37,68,40,62,31,62,37,0,37,53,28,22,40,47,59,40,40,18,59,43,47
47,31,50,40,50,50,28,40,3,31,47,31,18,25,31,31,50,25,47,18,47,25,0,40,37,25,3,31,40,50,28,25,12,50,25,25
47,50,68,53,72,65,25,47,0,50,56,53,25,28,65,43,59,50,47,37,47,50,6,50,59,25,15,47,53,68,47,47,12,59,28,50
47,43,53,43,47,47,0,15,0,34,47,28,3,6,34,28,47,37,34,22,31,34,0,25,34,0,6,34,47,53,18,18,6,47,15,34
47,40,50,43,50,43,31,28,0,28,40,28,9,15,22,25,47,25,53,9,47,28,0,40,40,28,3,37,34,43,25,25,9,47,28,28
47,31,43,40,50,50,12,25,28,28,47,28,18,18,28,31,43,18,50,22,43,25,0,31,50,12,12,34,43,47,25,28,18,47,22,28
47,50,56,50,50,62,40,40,15,47,50,37,22,25,40,25,65,43,59,18,56,47,6,50,53,31,25,47,50,53,43,28,12,50,47,50
47,34,47,40,50,50,34,34,6,37,47,31,15,22,22,31,50,22,50,22,43,22,0,37,34,31,6,25,43,43,25,25,22,50,43,25
47,47,50,50,50,50,34,47,31,34,47,28,22,25,25,34,50,28,31,15,47,31,0,34,47,40,0,31,50,50,25,25,22,47,31,31
47,37,53,47,47,50,43,40,43,28,43,28,3,18,18,25,43,22,43,12,40,25,0,53,34,50,15,25,34,50,15,18,3,43,50,25
47,47,50,47,53,53,62,53,6,34,50,40,18,25,37,37,68,25,62,0,65,28,0,53,43,59,9,34,43,47,28,22,18,40,59,34
47,34,47,34,50,43,37,31,3,31,37,31,0,3,28,3,43,31,28,0,40,31,0,40,28,37,3,37,40,50,25,22,0,43,37,25
47,40,47,40,43,47,28,34,25,25,47,25,15,28,22,31,47,25,34,6,31,25,0,28,34,40,3,34,37,37,22,18,15,37,34,25
47,40,50,40,56,47,43,40,18,34,43,31,15,25,31,31,50,28,25,0,34,25,9,47,34,31,0,40,40,47,31,28,15,40,34,31
47,34,50,50,53,47,37,22,9,34,47,25,15,15,28,28,53,34,65,3,62,37,3,47,43,34,0,34,47,50,25,25,15,43,47,28
47,40,50,43,47,50,25,31,6,31,40,28,25,25,28,31,47,37,50,22,47,40,0,40,40,28,0,34,43,50,25,25,18,43,34,28
47,40,53,47,56,56,3,15,15,37,47,31,12,25,31,25,50,37,40,31,43,34,0,40,47,6,12,34,50,50,25,25,12,50,34,34
47,28,50,40,50,50,50,37,6,31,34,28,15,22,31,25,47,28,59,18,56,31,0,28,47,43,0,28,47,50,15,12,0,34,53,25
47,47,50,47,47,47,56,34,9,34,47,28,18,22,28,25,53,25,78,18,56,31,3,47,47,47,12,31,43,47,25,25,18,50,50,25
47,34,50,31,47,50,9,22,0,25,47,28,22,25,31,28,47,28,28,15,31,28,0,31,47,15,12,37,50,37,28,28,12,50,28,28
47,25,50,43,50,47,0,12,3,25,43,25,6,12,28,25,43,25,34,9,34,28,0,31,34,0,6,34,40,50,15,15,6,47,25,25
47,40,47,40,50,50,47,37,15,25,47,31,12,12,22,25,56,22,59,12,65,22,0,43,37,50,3,25,37,47,28,28,15,43,50,22
47,25,50,43,50,47,56,28,0,28,43,22,12,18,22,28,56,22,78,3,75,22,0,47,37,43,9,25,37,43,25,25,12,47,53,31
47,34,53,37,50,50,43,43,37,31,43,28,18,22,31,28,47,31,56,9,53,31,0,50,47,47,9,28,47,47,25,25,15,43,47,25
47,43,50,43,47,43,12,28,18,37,43,40,22,31,40,25,47,31,43,22,47,31,0,50,43,15,3,47,43,47,28,28,18,50,28,28
47,40,47,50,50,62,40,43,43,40,56,34,22,22,37,40,53,25,50,18,50,31,12,43,47,56,18,43,43,50,47,47,22,50,56,43
47,40,50,47,53,53,56,40,12,34,50,37,18,22,37,31,53,22,68,18,68,28,0,53,34,53,6,31,43,47,28,28,18,50,56,31
47,34,40,43,53,50,18,25,3,31,47,31,15,18,28,34,47,22,47,22,43,22,0,40,40,15,6,25,37,40,28,22,18,43,25,22
47,28,50,43,43,43,31,25,0,25,40,25,12,12,22,22,47,22,56,6,53,25,0,31,43,28,3,28,37,40,15,15,0,43,34,28
47,47,53,50,50,59,53,47,25,47,50,31,22,25,31,28,56,28,65,6,56,31,0,50,34,50,12,34,47,50,31,31,3,50,56,28
47,40,53,47,65,53,22,25,18,37,43,28,22,25,28,31,50,25,50,18,50,31,0,34,43,18,6,34,43,50,25,25,18,50,28,25
47,47,59,53,56,65,50,40,3,59,53,50,6,15,47,34,62,47,65,18,65,47,0,50,53,50,6,34,47,56,28,28,9,47,50,50
47,43,47,40,47,53,43,37,9,31,50,31,15,22,37,25,56,25,47,3,50,28,0,50,28,47,6,25,40,40,25,25,18,40,50,22
47,40,62,47,56,56,31,25,6,47,53,34,15,15,47,25,47,40,53,31,50,50,0,37,43,31,3,50,53,62,31,31,12,50,34,40
47,43,50,47,47,53,50,40,25,37,43,40,25,25,34,34,47,34,72,12,65,34,0,50,43,50,6,43,43,43,28,31,22,50,50,37
47,50,59,53,47,68,53,40,28,47,56,47,22,28,50,43,65,43,68,12,75,43,18,50,50,50,9,43,50,50,40,47,9,43,59,50
47,43,47,47,50,53,43,34,37,43,50,31,18,22,47,50,50,25,47,25,43,28,6,43,50,43,18,31,40,50,31,25,25,50,47,34
47,56,65,53,68,65,31,31,18,62,59,50,43,50,68,40,68,59,40,28,50,59,18,50,62,31,15,56,56,62,43,43,28,68,40,59
47,50,56,47,50,56,37,40,59,43,50,37,18,31,40,37,53,34,40,22,40,37,6,50,50,40,18,40,43,50,40,37,22,50,50,34
47,50,56,50,47,56,50,47,93,50,53,37,18,22,34,37,56,43,47,18,56,43,15,59,59,47,12,50,47,56,43,43,31,53,53,47
47,50,50,53,56,65,31,37,0,47,53,37,18,28,50,40,50,47,43,25,47,47,0,43,47,31,12,47,53,50,37,34,18,56,34,47
47,50,53,50,65,53,31,28,18,47,50,47,18,25,47,28,50,28,65,25,65,34,0,50,43,31,3,43,47,50,25,25,25,50,37,31
47,31,47,28,37,40,15,15,15,28,34,28,0,15,28,15,47,25,28,18,31,25,0,28,31,12,3,28,40,47,25,25,3,43,25,25
47,34,37,40,50,40,28,37,6,28,47,28,15,22,28,34,43,22,43,22,43,25,0,50,28,25,15,34,40,47,25,22,9,43,28,22
47,43,53,43,53,56,31,34,3,43,47,31,15,25,37,50,47,43,40,25,47,43,0,43,43,28,6,43,43,53,25,25,18,50,34,34
47,47,53,47,50,56,37,34,56,43,56,43,34,31,43,43,59,43,50,28,53,43,15,50,50,43,25,50,47,53,53,50,28,50,50,47
49,50,56,72,50,72,81,56,34,50,56,40,12,28,40,31,59,34,59,28,78,47,12,72,68,81,37,50,50,59,53,50,25,50,78,47
49,59,59,62,47,59,56,50,56,47,59,53,31,31,40,34,47,34,37,31,50,40,28,65,62,65,31,47,50,53,47,40,22,53,65,43
49,47,50,47,47,50,40,43,25,31,47,31,22,22,28,28,50,31,47,25,50,40,18,50,47,56,6,47,47,50,28,28,22,50,53,34
49,40,47,43,43,47,28,50,53,34,43,34,9,18,25,25,47,34,43,18,43,34,3,43,37,34,12,47,47,50,28,25,15,47,31,34
49,43,56,53,47,62,59,50,43,37,56,40,22,18,31,31,56,31,56,9,62,40,15,53,47,68,12,47,50,53,50,50,18,50,65,43
49,50,59,62,50,68,72,50,43,47,56,40,12,18,40,28,53,34,37,31,68,47,15,68,56,72,47,43,47,59,50,47,22,53,72,56
49,47,65,50,47,65,59,59,37,43,47,43,22,25,37,28,47,47,40,15,43,47,3,56,50,72,6,59,56,59,37,34,22,43,65,47
49,43,50,50,47,56,59,53,28,28,53,43,22,22,25,25,50,25,50,22,62,25,22,56,47,75,18,28,43,53,47,43,22,50,75,40
49,50,53,53,31,62,59,50,22,15,53,40,25,31,25,34,47,25,28,22,50,28,18,59,53,68,28,34,43,50,28,28,28,53,72,40
49,40,47,47,40,47,59,37,28,22,47,22,22,25,25,25,47,22,50,12,50,25,9,50,47,62,15,47,40,47,47,43,0,47,56,40
49,50,68,56,56,72,56,50,37,53,56,47,15,25,43,28,53,50,59,22,68,47,0,62,56,56,37,43,50,65,47,40,18,59,56,50
49,50,65,59,50,62,56,56,50,40,50,40,18,28,37,22,50,43,43,28,53,37,28,56,53,65,22,50,47,56,43,34,25,56,59,50
49,47,53,50,50,59,53,47,34,31,53,37,22,18,25,28,53,28,50,15,53,25,15,53,50,56,18,37,47,53,31,28,22,43,53,50
49,47,53,65,47,68,72,68,50,37,53,43,22,28,34,40,47,31,56,15,62,37,18,68,50,78,28,43,43,50,50,43,18,47,72,47
49,31,59,53,50,65,50,40,43,28,50,28,25,25,31,28,53,31,50,28,56,47,15,56,53,53,28,31,50,50,31,31,25,50,50,50
49,50,53,56,47,68,68,53,47,47,56,47,25,25,37,43,53,31,50,28,72,47,28,68,53,72,43,47,50,53,50,47,28,50,68,50
49,47,53,53,47,68,65,47,15,43,50,31,25,25,43,31,50,37,47,28,56,34,22,56,59,65,40,47,40,53,50,43,22,50,62,47
49,50,59,53,53,53,50,40,50,37,53,43,12,15,47,25,56,25,56,22,56,40,6,53,50,53,18,40,43,47,53,47,22,50,59,37
49,43,59,53,50,62,56,50,56,40,47,37,28,25,28,31,47,43,47,22,62,43,22,50,53,65,22,50,47,50,34,31,28,53,65,47
49,50,53,56,43,62,75,56,31,28,56,40,22,18,31,43,50,22,65,18,62,34,18,59,53,75,22,37,43,53,47,40,22,47,72,43
49,56,65,53,68,68,47,43,18,50,68,53,47,47,72,47,75,50,50,37,59,50,22,65,65,47,18,50,53,68,56,53,22,68,53,50
49,53,50,53,50,56,53,47,50,40,53,28,25,25,40,43,68,34,59,25,72,31,22,56,56,53,28,47,47,50,50,47,22,47,65,50
49,53,56,56,50,62,53,50,59,47,53,43,18,31,47,37,53,34,50,15,65,43,15,56,59,59,18,47,50,53,50,50,18,47,62,47
49,40,53,40,50,53,53,43,34,28,47,37,6,12,22,25,53,22,53,15,53,22,9,50,40,53,3,34,40,50,28,28,15,43,53,28
49,47,59,53,43,68,65,50,50,31,50,28,25,28,37,28,47,31,47,22,62,43,15,62,53,72,18,50,43,62,40,31,22,50,65,43
49,53,53,53,50,65,75,53,40,40,53,40,15,18,40,34,53,22,75,22,75,28,18,68,47,75,18,31,43,50,47,47,25,50,75,43
49,47,53,47,43,53,53,40,37,34,47,31,25,28,31,37,43,31,53,3,53,37,15,53,50,62,0,47,43,53,31,25,22,56,50,40
49,53,50,53,50,56,72,50,50,34,50,31,28,31,34,34,53,34,53,28,53,31,9,53,50,72,22,34,43,50,37,31,28,50,68,47
49,43,50,47,50,50,68,43,37,28,50,28,15,22,31,28,47,28,62,22,68,31,15,50,50,68,15,28,40,47,28,28,22,47,65,28
49,59,59,59,62,68,40,47,40,56,62,59,31,40,59,40,62,53,68,31,65,50,0,68,53,53,15,53,50,59,43,40,25,59,56,40
49,50,53,50,50,62,43,43,53,50,47,40,22,22,47,37,50,40,43,22,50,47,0,56,53,50,0,50,50,53,28,31,25,47,47,43
49,50,47,53,47,56,75,50,25,43,56,47,18,28,40,43,53,31,50,25,59,37,15,59,56,75,31,47,43,47,53,47,25,43,75,47
49,47,56,50,50,65,68,50,68,53,53,50,25,25,47,40,53,50,59,18,72,50,15,59,50,65,12,50,50,50,37,40,25,59,65,43
49,50,50,53,47,56,75,59,34,43,53,40,18,37,43,47,50,34,65,22,68,37,15,59,53,78,22,40,47,50,43,37,22,50,78,50
49,34,53,53,37,59,72,53,15,22,53,25,18,25,22,31,47,22,65,12,62,25,15,53,43,75,25,40,40,50,31,31,22,43,68,37
49,53,53,53,50,53,62,50,25,40,53,40,9,22,28,31,53,28,53,25,53,37,6,53,50,72,22,47,43,53,34,31,22,53,72,43
49,50,53,53,47,62,50,50,9,34,59,47,25,34,34,25,50,43,43,28,53,47,6,65,50,72,22,53,50,53,43,43,18,56,68,37
49,43,53,50,43,56,72,56,18,28,47,37,18,25,22,25,47,25,56,12,59,28,9,53,47,72,18,34,43,47,31,34,18,43,68,40
49,50,56,50,50,56,59,47,59,43,50,40,22,22,34,43,53,34,47,6,53,40,25,53,56,62,18,37,50,56,50,47,22,53,50,50
49,43,50,43,47,56,68,43,40,37,47,40,18,22,37,28,47,28,53,18,56,31,0,56,47,75,18,34,43,50,40,40,22,47,75,47
49,50,59,56,50,59,53,53,15,43,50,34,15,18,28,25,50,40,53,18,53,40,12,53,50,72,15,47,47,59,43,43,22,50,62,47
49,34,50,40,47,47,50,40,9,37,43,31,12,15,31,25,43,25,50,25,56,25,0,40,47,53,0,34,43,43,22,18,15,47,47,37
49,40,53,50,53,53,43,47,25,28,50,15,9,9,37,15,53,28,56,28,53,31,0,47,53,43,9,34,43,50,28,28,12,50,47,34
49,47,56,53,47,59,43,31,59,40,53,34,18,22,28,28,50,25,47,22,53,28,18,53,53,50,18,47,47,59,40,40,22,50,50,47
49,47,50,59,43,68,75,65,47,40,50,40,15,18,25,37,47,31,53,3,68,28,25,72,47,75,18,28,43,47,34,34,12,50,78,47
49,53,62,59,50,65,62,53,56,47,56,47,18,18,37,31,59,37,56,22,65,40,25,65,59,72,25,47,50,56,53,47,22,50,72,50
49,43,50,53,50,53,50,31,34,28,50,31,18,18,25,25,50,28,50,22,53,31,15,47,47,47,18,43,47,53,34,31,22,47,50,40
49,31,50,43,43,50,34,28,25,31,40,28,18,28,34,25,47,31,43,0,47,31,0,47,37,47,0,50,43,50,25,25,9,50,47,31
49,31,50,47,31,53,50,40,12,25,50,25,28,31,25,25,40,31,43,25,53,28,0,50,47,72,18,43,43,50,25,28,22,34,50,31
49,53,53,56,50,62,75,50,22,50,53,50,15,31,40,28,56,28,53,15,75,25,15,56,56,75,25,31,43,53,53,53,18,50,75,47
51,40,53,43,50,47,47,28,3,31,40,31,18,18,22,37,53,22,72,18,68,25,15,53,50,50,12,31,47,53,43,28,6,50,50,43
51,47,53,50,47,53,50,47,47,47,50,40,25,28,31,37,53,31,47,22,47,31,12,59,50,47,18,34,43,50,47,47,25,50,47,43
51,50,50,31,50,50,12,12,0,25,50,31,18,25,25,31,56,28,31,25,47,25,0,47,47,3,18,37,43,50,25,25,18,50,28,31
51,47,56,47,53,53,56,37,12,50,47,37,18,31,37,47,59,47,68,3,72,47,15,59,62,50,47,50,53,56,47,47,12,47,50,53
51,50,50,50,50,53,50,43,3,43,53,50,22,25,28,43,59,43,72,28,75,40,18,50,50,43,31,43,43,50,43,43,22,50,43,50
51,37,53,47,47,50,15,12,0,40,47,31,28,31,40,34,50,43,34,18,37,43,3,40,50,15,6,50,50,50,34,34,9,50,25,31
51,43,47,47,43,50,47,50,15,31,50,31,18,18,37,47,53,25,53,50,62,31,15,59,47,47,9,34,40,50,25,31,22,50,50,34
51,50,59,53,50,59,43,34,0,40,59,43,12,25,37,47,68,25,72,25,72,28,15,50,59,34,40,37,43,53,43,43,18,50,50,50
51,56,59,56,47,62,43,28,0,40,56,47,22,22,43,40,65,31,75,28,78,34,18,65,56,43,47,37,40,53,40,47,0,56,47,50
51,28,47,37,43,47,31,22,0,28,40,31,6,9,31,25,47,25,56,9,53,25,3,37,43,18,12,28,43,47,25,25,0,47,31,31
51,37,40,47,47,43,50,47,3,28,40,40,15,22,25,25,53,22,53,12,65,22,9,53,40,50,3,28,43,40,31,28,9,47,47,31
51,31,50,34,47,47,15,15,3,25,43,25,12,12,22,18,53,18,50,12,53,22,0,28,47,9,0,22,40,47,25,22,18,34,25,28
51,50,53,56,50,65,50,50,31,47,53,43,25,28,47,47,68,28,62,43,75,28,43,65,56,50,25,28,47,50,47,43,25,53,53,43
51,56,53,56,50,56,43,40,3,43,56,47,18,28,37,56,62,34,50,50,59,34,78,50,56,34,22,31,43,50,56,53,34,50,50,56
51,50,50,62,47,65,53,43,12,43,53,37,18,22,43,34,62,34,68,22,72,37,18,53,50,53,18,34,43,53,34,31,15,50,53,47
51,47,50,47,47,47,50,43,6,50,50,43,18,25,40,40,59,34,72,9,75,40,9,50,50,47,28,40,43,50,47,40,12,50,50,47
51,28,47,37,31,40,3,3,0,28,43,25,6,12,31,25,43,25,31,6,31,28,0,31,43,0,0,31,43,47,25,25,0,47,25,28
51,40,47,47,50,50,50,40,12,28,43,28,15,22,31,40,56,25,65,15,68,25,22,62,53,43,12,25,43,40,40,31,18,43,50,34
51,40,50,40,43,50,43,25,12,31,47,25,12,18,25,34,56,22,59,18,62,25,3,56,47,37,15,22,37,50,25,25,18,43,50,40
51,50,50,50,43,56,31,34,0,43,53,47,22,22,34,25,50,34,43,18,53,34,6,47,59,31,28,34,47,50,31,25,22,56,31,47
51,43,50,50,28,50,43,40,22,31,50,28,15,22,25,37,53,25,53,18,65,28,6,47,53,40,18,25,43,50,28,25,22,50,43,31
51,40,50,40,50,50,31,31,28,37,53,28,12,18,31,28,53,28,47,15,53,28,6,47,56,31,22,31,40,47,34,31,18,47,37,47
51,34,47,37,34,50,43,34,15,22,47,22,15,18,22,25,47,22,40,18,56,22,12,56,50,43,25,25,37,50,28,28,22,47,50,37
51,34,50,47,43,50,47,37,25,28,40,25,15,25,28,25,50,28,47,18,59,31,18,53,53,47,22,31,47,50,34,28,22,47,47,31
51,34,50,40,37,50,40,31,0,31,47,31,22,22,28,25,53,25,50,22,53,28,15,50,53,28,3,31,43,50,25,25,28,43,40,31
51,40,47,50,50,53,40,40,28,31,53,31,18,18,31,37,53,18,59,18,62,34,12,53,47,43,22,31,43,50,34,34,22,47,50,40
51,43,50,50,50,47,40,40,0,31,50,31,18,25,28,25,62,28,68,25,75,31,6,50,47,47,6,28,40,50,25,25,12,50,47,40
51,40,50,47,43,50,40,34,22,31,47,28,15,18,28,28,59,18,68,25,68,25,6,50,50,43,18,25,47,53,31,28,18,43,50,43
51,53,59,50,47,68,3,12,0,47,56,50,25,25,28,53,53,37,37,47,50,40,25,53,53,6,3,47,47,53,43,43,28,56,28,50
51,47,50,50,47,47,22,28,0,47,47,40,22,25,34,34,53,34,47,3,53,34,0,47,50,15,18,34,43,50,31,28,22,47,34,47
51,53,72,53,68,68,28,31,3,50,65,53,31,28,72,34,68,50,43,47,53,50,6,50,62,31,12,50,68,72,53,50,25,72,31,53
51,37,53,50,50,53,28,28,15,40,50,37,6,9,28,12,62,31,53,22,65,37,6,53,53,28,18,40,50,50,31,25,12,47,31,47
51,43,50,47,50,53,15,15,0,28,47,28,6,12,28,43,47,25,50,22,56,25,3,43,53,12,25,28,43,50,25,25,12,43,28,47
51,40,50,47,47,50,15,12,0,25,43,28,15,22,25,25,53,22,53,15,62,25,6,43,53,9,22,25,40,40,25,28,9,40,22,43
51,34,53,40,43,47,43,25,15,31,43,34,9,12,34,28,53,31,53,22,56,34,6,47,53,37,9,28,47,47,25,25,22,50,47,43
51,31,43,40,37,47,25,28,0,31,47,25,12,15,25,22,53,22,37,18,43,22,0,37,28,25,6,25,31,40,18,22,12,43,34,22
51,34,53,34,37,53,28,12,0,28,34,28,6,9,28,31,53,28,53,12,72,28,6,50,53,18,22,28,31,53,25,25,9,34,28,40
51,43,53,47,47,53,31,34,0,43,50,37,22,28,40,25,53,31,43,28,50,37,3,47,43,34,3,47,43,50,28,28,12,50,37,34
51,43,56,59,50,62,50,34,3,40,59,37,22,25,37,37,68,43,65,25,81,37,15,62,53,50,31,28,47,56,40,40,18,47,53,56
51,37,53,43,40,50,28,40,0,25,47,31,28,31,28,43,50,31,31,37,43,37,0,59,47,22,9,43,43,53,25,22,25,37,25,40
51,47,50,43,37,50,37,34,0,28,43,40,22,28,34,40,56,28,59,22,59,34,9,59,50,37,18,25,37,43,34,31,18,43,37,40
51,34,47,40,37,47,53,43,3,34,40,28,15,22,28,25,43,25,53,15,56,28,6,56,47,50,6,25,40,47,31,28,22,43,50,34
51,40,47,47,47,50,43,43,12,31,50,31,15,28,28,43,53,25,75,15,75,25,18,62,53,40,12,28,40,50,34,31,15,43,50,34
51,43,53,43,47,50,50,37,6,47,50,40,15,18,34,47,53,22,68,22,68,22,18,53,47,43,25,28,40,53,28,28,0,43,43,47
51,25,47,31,40,43,28,25,0,25,31,25,15,18,22,25,47,22,40,15,43,22,6,40,40,28,6,28,40,43,25,22,6,31,28,22
51,53,56,50,56,65,62,43,34,40,53,47,22,28,31,50,62,34,65,12,68,37,22,50,56,59,34,43,53,59,47,43,25,47,59,50
51,34,53,47,47,56,18,25,0,25,53,25,18,22,28,40,50,28,47,25,50,31,12,68,53,15,15,34,47,53,28,28,15,50,31,56
51,40,47,48,42,53,15,29,3,28,51,32,32,31,31,39,47,32,36,45,42,40,1,45,42,22,11,40,42,48,29,29,23,48,28,34
51,31,50,43,47,47,40,40,15,31,43,31,18,15,25,28,53,18,59,15,62,22,15,53,50,34,18,22,40,47,28,28,18,47,47,31
51,40,50,34,37,43,18,18,0,34,43,31,15,15,31,15,50,31,43,15,47,31,0,31,43,18,0,34,47,47,25,25,0,47,28,28
51,43,47,50,47,50,25,43,15,34,50,28,12,12,22,53,50,22,47,31,50,28,3,50,50,25,6,25,43,47,28,28,15,43,28,37
51,43,50,50,50,53,47,40,37,37,43,28,15,18,25,47,53,34,56,25,53,31,18,50,47,47,12,31,47,50,37,37,22,47,50,37
51,34,53,34,47,50,18,25,0,40,50,31,18,22,40,31,50,31,31,3,37,31,0,28,34,18,0,43,47,50,15,15,6,47,31,28
51,50,72,59,50,68,50,43,12,50,56,47,22,28,40,43,56,43,43,34,62,47,9,68,65,50,22,53,62,65,47,37,34,50,65,50
51,47,50,50,43,50,47,43,0,40,43,31,18,25,40,37,65,28,68,18,72,31,0,50,50,43,25,28,47,50,34,40,6,47,47,43
51,40,53,40,43,50,34,31,25,28,43,31,15,18,28,47,56,25,56,22,68,25,18,43,50,31,15,31,40,50,34,28,18,43,43,37
51,50,50,47,47,50,53,28,0,34,47,40,18,25,34,37,56,28,65,6,65,28,18,53,56,43,31,31,47,50,40,25,6,50,47,50
51,47,50,47,47,53,40,47,9,31,50,34,15,22,28,40,56,22,65,40,59,25,18,56,47,43,18,22,40,50,25,25,28,50,53,43
51,50,59,43,43,56,3,9,9,37,50,31,15,18,34,34,59,28,43,56,53,34,9,43,59,0,15,40,47,53,34,31,15,53,25,43
51,47,50,50,47,50,43,34,3,28,47,37,12,25,28,34,50,25,50,15,59,25,0,47,53,47,3,31,47,47,25,25,9,47,43,37
51,47,56,43,34,50,43,31,25,31,43,31,12,12,31,31,53,28,53,22,59,28,9,50,53,47,3,28,47,50,15,28,9,50,47,40
51,47,50,50,47,50,53,34,28,43,53,34,25,25,28,31,53,31,53,25,75,34,22,59,50,50,6,34,50,50,34,31,22,47,50,43
51,53,72,68,56,72,3,0,0,50,62,50,25,25,50,43,72,43,75,9,75,47,25,56,75,9,43,47,50,56,53,47,9,59,50,62
51,43,47,40,40,50,31,40,0,31,50,37,18,18,37,28,50,28,56,15,53,31,18,53,50,40,18,43,40,47,31,28,18,53,34,43
51,34,50,43,50,47,47,25,0,40,43,28,6,6,31,28,53,31,50,0,56,31,3,47,47,34,0,34,47,43,28,28,9,47,43,40
51,28,47,28,47,43,12,15,0,28,37,25,12,15,28,22,47,25,12,15,28,25,0,28,43,9,0,34,47,43,25,25,12,40,25,31
51,47,50,47,47,50,47,31,9,28,43,25,15,22,31,28,50,31,56,25,65,34,0,53,43,31,0,34,47,50,31,31,22,50,43,31
51,40,50,50,40,50,34,34,9,34,47,28,6,9,25,34,50,25,53,34,59,25,28,53,50,28,12,25,40,50,28,28,25,47,31,31
51,43,50,53,37,50,40,43,3,28,47,28,34,31,28,50,53,18,53,47,53,22,15,50,53,31,18,28,47,47,31,31,22,47,34,40
51,50,50,59,50,59,47,37,0,43,53,50,28,34,43,43,68,34,62,22,78,34,22,59,62,43,25,34,47,50,47,47,18,50,50,59
51,47,59,53,43,53,43,43,9,43,50,37,25,28,31,25,53,47,53,12,62,47,34,59,56,34,15,56,47,56,43,37,25,50,47,43
51,28,53,40,50,50,34,28,3,31,47,31,12,22,28,25,53,34,53,22,56,34,0,50,53,31,25,31,40,50,25,25,9,50,34,43
51,25,50,40,40,50,12,15,0,22,40,18,15,28,25,28,50,18,53,25,56,25,3,47,43,9,12,34,47,47,28,25,15,34,28,34
51,31,50,43,50,50,50,31,3,31,50,31,15,22,31,22,50,28,56,18,56,28,6,50,43,34,18,31,43,47,18,22,12,47,40,31
51,50,68,59,53,68,25,18,3,43,53,43,18,22,47,43,68,40,56,34,59,37,18,47,65,25,22,47,43,65,43,43,15,50,43,53
51,47,59,53,50,72,47,37,12,37,56,40,18,18,34,28,56,25,72,18,75,31,18,59,53,47,25,37,47,62,37,31,18,43,56,50
51,47,53,50,50,53,34,28,0,43,50,34,12,18,31,25,53,40,40,25,50,47,18,43,50,28,15,40,47,53,34,34,18,53,28,47
51,28,25,31,25,37,31,25,6,6,28,18,12,12,12,15,34,18,50,12,37,18,0,28,25,18,0,22,25,28,15,22,12,37,31,18
51,37,47,50,47,56,47,37,22,47,53,37,15,15,37,28,53,28,47,6,59,28,15,50,53,47,3,40,40,50,37,34,15,47,40,43
51,47,53,50,50,53,53,37,3,31,53,28,15,28,28,28,56,25,56,15,65,34,12,72,53,53,0,28,43,53,31,31,12,53,53,34
51,50,53,50,50,53,50,40,34,43,50,47,18,22,43,34,62,25,75,18,75,22,15,65,50,50,9,34,47,56,43,43,18,50,50,40
51,28,43,40,40,50,43,25,12,25,43,25,12,18,25,25,50,22,53,22,53,22,3,50,34,40,6,22,37,40,25,25,9,43,50,18
51,37,56,43,47,59,47,34,9,31,47,31,12,15,31,22,56,25,47,28,65,31,15,56,59,37,22,28,47,47,31,25,18,43,47,43
51,47,50,47,47,53,47,34,25,40,50,43,22,25,43,40,53,28,53,18,68,37,18,53,50,47,37,34,43,47,40,25,22,50,47,47
51,37,40,43,31,43,0,6,0,31,50,31,22,34,34,34,40,28,37,25,40,31,0,37,37,0,0,34,37,40,25,22,15,47,25,34
51,28,43,43,37,43,25,12,0,25,43,28,18,18,18,25,53,18,40,15,43,18,0,43,40,22,0,18,34,28,22,22,0,43,28,25
51,34,50,34,47,50,12,25,0,31,47,15,15,22,28,22,50,25,31,15,47,31,0,37,47,12,0,47,47,50,22,12,9,43,25,28
51,25,50,37,31,50,43,40,0,22,47,18,18,18,25,28,47,18,50,22,56,22,0,50,50,40,3,22,28,47,28,25,9,40,43,22
51,25,40,22,25,34,9,9,0,22,25,25,12,15,22,18,31,18,28,3,31,22,0,28,22,9,0,25,34,43,22,22,0,25,28,18
51,50,56,50,43,59,53,37,22,47,50,31,12,22,40,25,56,43,59,22,75,40,6,56,53,50,37,31,47,50,40,47,22,47,56,50
51,37,50,43,40,50,25,34,3,28,50,31,15,22,28,31,47,28,37,28,37,25,12,34,47,18,9,31,43,47,28,28,18,47,25,31
51,31,50,34,34,50,15,28,3,25,34,9,0,3,25,25,43,22,37,25,37,28,0,28,50,15,12,28,47,50,9,9,12,37,31,25
51,40,50,40,40,50,25,25,0,28,43,25,18,15,25,22,43,28,31,34,37,28,0,28,40,25,0,40,47,50,25,25,22,53,28,37
51,31,53,47,50,50,31,25,0,50,43,34,22,25,43,25,53,31,43,9,50,34,15,53,50,25,0,31,50,50,31,28,12,50,28,43
51,31,53,34,50,50,40,40,18,25,47,25,15,12,34,37,50,28,56,22,65,28,0,53,43,40,18,31,47,50,31,31,15,47,43,37
51,37,50,43,50,47,50,37,18,31,47,25,18,22,34,28,53,22,59,18,68,22,18,53,43,50,0,22,37,50,34,28,18,47,50,40
51,22,47,37,34,47,34,28,6,28,40,22,12,12,25,15,56,18,50,25,59,22,0,43,37,28,6,28,34,47,18,18,3,37,34,28
51,34,50,37,40,50,40,31,15,34,40,34,18,18,34,25,50,22,62,18,65,22,0,53,37,37,0,25,37,53,31,31,9,37,47,34
51,28,47,43,31,47,43,40,15,28,43,28,12,12,25,25,47,15,43,15,50,25,9,56,43,59,25,40,43,43,28,25,15,43,56,37
51,25,50,31,25,50,22,22,3,25,43,25,12,15,22,22,50,18,56,9,53,22,6,40,31,18,0,28,34,40,22,18,15,43,28,25
51,50,50,50,47,53,50,53,15,28,53,28,9,15,22,43,53,22,56,47,56,22,15,56,47,47,18,18,37,47,43,34,43,53,50,31
51,43,43,47,34,56,59,50,3,37,47,37,25,28,34,43,50,31,68,22,72,31,12,62,47,59,3,28,37,37,37,31,22,43,50,37
51,50,50,50,43,62,31,40,6,37,50,43,28,25,34,37,50,34,43,28,47,37,0,43,53,37,6,47,47,50,28,31,22,50,34,40
51,47,59,50,47,56,56,40,6,40,53,40,18,25,34,50,65,31,68,15,72,31,15,59,53,56,40,37,47,56,47,50,18,50,56,47
51,31,40,37,34,47,15,31,12,25,47,25,15,15,22,28,50,22,40,18,43,22,0,53,37,22,15,28,31,40,31,28,12,43,37,18
51,37,53,50,43,53,34,28,6,34,43,31,9,15,34,31,50,25,53,18,59,25,3,34,43,28,18,28,40,53,22,25,15,40,34,31
51,37,47,43,28,50,50,47,22,22,47,31,15,18,22,34,53,22,62,22,65,22,18,56,43,47,12,22,31,50,18,25,22,43,50,22
53,68,84,75,72,78,6,6,0,53,78,53,18,18,47,47,75,40,37,43,56,47,18,43,68,3,18,53,59,81,56,53,18,62,25,53
53,50,65,53,62,68,25,22,3,53,59,62,18,28,68,50,65,37,43,18,43,43,15,40,56,25,12,47,56,65,50,43,18,65,34,53
53,56,75,59,68,68,0,6,0,56,56,50,15,25,47,28,75,47,43,37,50,43,9,31,68,0,15,50,53,68,53,53,18,53,15,59
53,68,78,65,65,78,18,0,0,50,75,50,15,22,47,53,78,40,97,28,90,43,12,53,72,3,43,47,56,68,56,56,15,72,53,53
53,53,59,47,47,62,31,25,0,50,50,34,9,28,31,25,50,43,50,18,43,43,3,25,53,28,15,62,53,53,25,22,9,47,34,47
53,37,53,50,50,50,50,34,25,31,50,31,22,22,28,34,43,40,53,6,43,40,3,40,43,50,9,53,47,53,28,28,15,53,37,40
53,53,72,59,47,75,47,43,0,47,56,47,12,18,43,31,59,47,50,40,68,47,9,68,72,47,47,50,50,72,50,47,15,56,56,65
53,34,50,47,50,50,18,12,0,43,50,37,0,3,31,25,56,37,50,3,50,40,3,37,47,15,3,47,40,50,18,25,3,47,34,47
53,40,53,34,40,53,22,9,0,25,43,28,18,18,28,25,50,28,72,0,65,37,0,28,43,15,0,53,50,50,22,22,18,53,25,37
53,53,59,56,56,59,53,40,9,53,59,47,37,43,56,34,62,47,65,15,59,50,22,53,56,50,22,47,53,62,43,37,28,53,47,53
53,25,37,28,31,31,31,31,9,25,31,22,6,22,25,15,43,25,50,6,47,22,3,50,31,31,6,34,28,40,31,18,6,43,31,22
53,65,72,62,59,75,15,3,0,50,68,56,15,22,43,43,75,34,90,18,78,43,15,40,65,6,47,47,50,65,53,43,12,50,50,47
53,43,53,50,40,50,40,28,0,43,47,28,9,22,37,25,59,28,75,25,75,37,6,47,47,37,18,43,43,50,40,43,22,47,47,43
53,47,53,47,43,56,47,25,15,31,50,31,12,15,34,40,53,28,72,22,68,31,0,40,50,47,3,28,37,50,15,28,9,50,47,40
53,37,47,43,50,50,37,43,0,34,50,34,18,22,40,25,47,31,68,18,62,31,0,37,37,37,6,28,43,47,28,28,18,43,47,28
53,43,68,50,43,53,15,0,0,28,47,25,18,18,25,40,47,43,43,3,37,47,0,25,50,6,0,53,50,65,25,25,9,50,25,43
53,47,72,62,68,68,0,6,0,56,56,50,28,28,65,28,59,56,31,28,40,56,9,34,53,0,6,47,56,68,43,50,15,59,22,50
53,53,75,65,75,72,25,9,0,50,65,50,28,40,75,37,68,59,31,47,34,53,9,31,68,25,6,50,68,72,47,53,9,75,25,56
53,53,72,47,65,53,0,0,0,47,50,43,22,22,37,25,72,47,25,15,34,50,9,28,53,0,9,68,68,78,25,25,18,53,25,50
53,47,53,50,50,65,53,28,0,37,50,31,15,25,31,31,53,31,72,0,75,31,9,50,53,50,22,31,43,50,40,25,22,50,53,50
53,37,47,40,43,50,47,28,18,22,47,25,18,22,22,25,53,25,68,18,68,22,0,40,50,47,0,37,43,50,28,25,9,50,50,43
53,47,59,56,50,68,43,43,3,50,56,37,18,18,50,40,65,40,59,18,65,43,0,43,43,47,6,43,53,53,28,28,0,62,43,31
53,28,47,31,50,43,50,25,0,25,43,28,15,22,22,28,43,25,72,15,56,25,6,25,47,31,6,28,40,43,25,28,15,50,50,37
53,28,43,34,47,47,31,25,9,28,37,25,9,22,25,25,40,25,47,9,43,25,0,25,43,28,0,31,34,43,22,22,6,37,31,34
53,28,53,40,37,47,34,18,0,22,47,22,18,22,22,37,50,22,56,18,47,28,0,34,50,31,3,47,47,53,25,25,9,50,31,47
53,53,68,53,50,65,28,12,0,34,59,47,15,18,37,37,65,25,78,18,75,25,0,47,59,22,9,34,43,65,31,28,6,53,43,50
53,25,43,25,37,37,22,15,0,25,37,25,18,22,22,28,50,22,40,6,59,25,0,43,43,18,6,25,37,43,15,25,0,37,43,34
53,50,59,53,50,56,56,43,0,43,59,37,22,25,50,34,56,37,72,18,68,34,0,53,40,47,18,53,53,62,37,37,18,43,53,37
53,28,43,25,40,43,9,15,0,22,31,25,6,12,18,25,50,15,25,3,28,15,9,31,40,6,0,28,28,40,22,22,3,31,18,25
53,31,56,37,43,47,12,6,0,34,43,28,15,18,28,43,43,34,40,6,31,31,0,15,37,6,0,59,50,62,22,25,0,34,15,43
53,40,68,40,50,47,0,0,0,37,40,15,9,9,28,28,56,47,34,9,37,50,9,31,50,0,0,72,68,68,22,25,9,37,25,37
53,47,53,47,47,53,47,31,3,47,50,28,25,31,40,34,62,31,62,22,72,34,18,47,53,43,25,34,43,53,34,28,22,50,50,47
53,50,59,59,53,56,47,43,15,43,53,43,18,22,43,34,65,22,68,9,65,34,6,53,53,47,12,40,40,62,43,43,6,53,53,47
53,37,57,48,45,54,29,20,1,36,51,37,14,21,32,31,61,28,59,7,65,28,0,45,50,26,4,37,45,50,25,28,9,51,45,42
53,50,62,56,68,65,3,0,0,47,62,43,18,22,50,31,68,37,56,22,59,50,12,50,53,0,12,47,47,68,50,50,9,62,31,50
53,37,53,34,40,43,34,31,0,28,40,25,12,18,31,22,53,22,56,6,53,25,0,43,40,31,3,37,40,43,22,22,12,40,37,34
53,53,65,50,65,65,0,6,0,47,59,50,31,31,68,37,62,40,31,12,34,53,9,31,62,0,6,50,56,72,47,47,18,65,18,53
53,37,47,43,50,50,50,22,0,31,47,12,6,9,28,9,43,31,53,9,50,34,0,43,47,37,0,43,47,50,25,25,3,47,40,43
53,47,53,50,50,53,47,43,0,40,50,37,22,25,43,37,56,37,65,6,72,43,0,50,47,53,22,47,47,50,28,28,22,50,53,43
53,50,62,62,50,72,68,53,34,43,53,40,18,25,47,28,65,25,72,18,72,25,18,53,56,65,37,40,47,62,50,47,18,50,68,53
53,34,56,31,43,43,6,6,3,31,40,31,15,22,34,25,47,28,31,9,31,31,15,31,50,3,3,47,47,47,34,31,15,40,22,37
53,50,65,50,50,50,31,25,0,34,53,40,25,25,28,34,56,40,72,18,72,43,0,37,53,28,0,53,50,59,25,25,0,50,40,43
53,43,50,50,47,50,40,34,0,37,47,37,25,25,47,37,50,31,68,0,68,25,9,47,56,37,12,31,40,50,37,28,18,53,40,50
53,50,65,56,50,56,25,25,3,47,56,40,25,25,50,47,53,43,43,47,47,47,25,34,56,22,43,47,50,56,50,50,28,50,28,53
53,40,59,50,53,59,0,0,0,40,53,34,18,18,47,40,59,37,34,18,53,40,9,56,65,0,25,43,50,65,37,28,12,56,25,59
53,43,53,40,43,50,43,25,3,28,43,25,6,9,25,25,47,28,50,15,56,28,0,62,50,40,34,34,43,50,18,25,15,47,50,40
53,34,47,50,31,53,53,31,6,28,53,22,9,18,28,31,53,25,72,9,75,25,6,34,43,53,3,22,37,50,25,25,12,43,53,40
